uc001dxk.1	MYBPHL	ailMel1	Stops1	Exon3	PositionsAA[34]	PositionsNT[102]	GKPKPRATWKHDGCALDASRVSVWNGEQDSILFIZEAQRADSGRYQLSVQLGELEATATIDILVI	uc001dxk.1_ailMel1_3_8
uc001dxk.1	MYBPHL	cerSim1	Stops1	Exon3	PositionsAA[49]	PositionsNT[147]	GKPKPRATWTRDGCTLDASRVSVRNRERDSILFIREAQRADSGCYQLSVZLGKLEATATIDILVI	uc001dxk.1_cerSim1_3_8
uc001dxk.1	MYBPHL	echTel2	Stops2	Exon5	PositionsAA[24,27]	PositionsNT[72,81]	LWFTVLEHFHGTSYTVCNLIIGNSZAFZVFAENQCGLSETAPVTSDLAHIQK-	uc001dxk.1_echTel2_5_8
uc001dxk.1	MYBPHL	echTel2	Stops1	Exon6	PositionsAA[11]	PositionsNT[33]	--IYKIEEFAQZDFSEAPKFTQPLADCTTITGSDTRLFCCVHASPK	uc001dxk.1_echTel2_6_8
uc001dxk.1	MYBPHL	echTel2	Stops1	Exon7	PositionsAA[31]	PositionsNT[93]	PKIVWLKNKMDIQGNPKYRALTRLGVCSLEIZKPGPFDGGIYTCKAIKALGEASVDCRVDVK	uc001dxk.1_echTel2_7_8
uc001dxk.1	MYBPHL	loxAfr3	Stops2	Exon1	PositionsAA[26,41]	PositionsNT[78,123]	MEAATTPE-----ALTLKEASPANAEZPQVLPQKGVRSP--ZLLSPVE	uc001dxk.1_loxAfr3_1_8
uc001dxk.1	MYBPHL	loxAfr3	Stops1	Exon6	PositionsAA[21]	PositionsNT[63]	ATIYKIEVFAQRDFSEAPKFTZLLADCSTVTGYDTQLFRCVPASPK	uc001dxk.1_loxAfr3_6_8
uc001dxk.1	MYBPHL	odoRosDiv1	Stops1	Exon6	PositionsAA[11]	PositionsNT[33]	ETACKTEGFAQZDFSEAPKFTQPLADRTTVRGYDTQLFCCVRASPK	uc001dxk.1_odoRosDiv1_6_8
uc001dxk.1	MYBPHL	orcOrc1	Stops1	Exon6	PositionsAA[11]	PositionsNT[33]	ATVYKTEGFVQZDFSEAPKFTQPLADCTTVIGCDTQLFCCIHASPK	uc001dxk.1_orcOrc1_6_8
uc001dxk.1	MYBPHL	oryAfe1	Stops2	Exon3	PositionsAA[34,41]	PositionsNT[102,123]	GKPKSQATWTHDGCALHTHRVSVWNGEKDSVLFIZEAQRTDZGHYQPSVHLGRLEATATFDILVI	uc001dxk.1_oryAfe1_3_8
uc001dxk.1	MYBPHL	triMan1	Stops1	Exon1	PositionsAA[32]	PositionsNT[96]	KEAATAQEVAPGSELMLKGASPADAERPQAPPZ-GVGSLIPQLLSPIE	uc001dxk.1_triMan1_1_8
uc001dxk.1	MYBPHL	triMan1	Stops1	Exon3	PositionsAA[5]	PositionsNT[15]	GKPKPZVIWTHDGCTLDACRASVRKGERDSVLFIQEAQRADSGRYQLSVQLGGLEATATIDIQVI	uc001dxk.1_triMan1_3_8
uc001dxk.1	MYBPHL	triMan1	Stops1	Exon5	PositionsAA[27]	PositionsNT[81]	LWFTVLEHYHCTRYTVSNLIIGNSYAFZVFAENQCGLSETALVTSDLAHIQKA	uc001dxk.1_triMan1_5_8
uc001dxk.1	MYBPHL	turTru2	Stops1	Exon6	PositionsAA[11]	PositionsNT[33]	ATVYKTEGFVQZDFSEAPKFTQPLADCTTVIGCDTQLFCCIHASPK	uc001dxk.1_turTru2_6_8
uc001dyk.3	GSTM1	hetGla2	Stops1	Exon3	PositionsAA[3]	PositionsNT[9]	APDZDRSQWLNEKFKLGLDFPN	uc001dyk.3_hetGla2_3_8
uc001dyk.3	GSTM1	micOch1	Stops1	Exon8	PositionsAA[3]	PositionsNT[9]	GLEZTPACTKTSCFF-RPMLTKMATGGNSZ	uc001dyk.3_micOch1_8_8
uc001dyk.3	GSTM1	myoLuc2	Stops1	Exon2	PositionsAA[22]	PositionsNT[66]	LAHAIRLLLEYTDSNYEEKKYTZGE	uc001dyk.3_myoLuc2_2_8
uc001dyk.3	GSTM1	odoRosDiv1	Stops1	Exon7	PositionsAA[8]	PositionsNT[24]	LTYVDFLAZDILDTLHIFEPKCLDAFPNLKEFMARFE	uc001dyk.3_odoRosDiv1_7_8
uc001dyk.3	GSTM1	orcOrc1	Stops1	Exon2	PositionsAA[15]	PositionsNT[45]	LAHAIRLLLEDTDSNZEEKKYPLGD	uc001dyk.3_orcOrc1_2_8
uc001dyk.3	GSTM1	orcOrc1	Stops1	Exon3	PositionsAA[8]	PositionsNT[24]	APNYDRSQZLNEKSKLGLDFP-	uc001dyk.3_orcOrc1_3_8
uc001fsu.1	OR6K2	chlSab1	Stops1	Exon1	PositionsAA[296]	PositionsNT[888]	MESPNQTTAQEFIFSAFPYSWVKSVVCFVPLLFIYAFIVVGNLIILTVVQLNTHLHTPMYIFISALSFLEIWYTTATIPKMLSSLLSERSISFNGCLLQMYFFHSTGISEVCLLTAMAFDRYLAICSPLHYPTIMTPKLCTQLTLSCCVCGFITPLPEIVWISTLPFCGSNHLEHIFCDFLPVLRLACTDTRAIVMIQVVDIIHAVEIITAVMLIFMSYIGIVAVILRIRSAGGRRKAFSTCVSHLIVFLLFFGSVALMYLRFSATYSLFWDTAIALAFAVLSPFFNPIIYSLRNKZIKETIKKHIGQAKVFFSIRQGTSSKIFZ	uc001fsu.1_chlSab1_1_1
uc001fsu.1	OR6K2	lepWed1	Stops1	Exon1	PositionsAA[234]	PositionsNT[702]	MESPNQSTTQELIFSAFPYSWECSVTC-VSLLFIYTFIVFGNLVIITVVQLNVHLHTPMYFFISTLSFLEIWYTTSTIP-MFTSLLSEKNISLNGCLLQMYFFHSTGISKVCLLTAMAFDRYQAICSPLHYPTIMTPRLCAQLTFSCCVCGFITPLPEIAWISTLPFCGSNHLEYIF--FLPVLLLACTDPLAIVMIQVVDVVHSVEIITAVMLIFMSYASIVAVILRIRSAEGZRKAFSTCISHLTVFLLFFGSVALMYLCFSATYSLFWDTVIALAFAVFPPFFNPIIYSLRNKEIKEAIKKHWGQAKIF-FIRPRTSSKIZL	uc001fsu.1_lepWed1_1_1
uc001fsu.1	OR6K2	orcOrc1	Stops1	Exon1	PositionsAA[72]	PositionsNT[216]	MESPNQTTAQEFIFSAFPYSWGDPVICFVPLLFIYAFIVVGNLVIITVVQLNTHLHTPMY--ISAFSFLEIWZTTATIQKVLSCLLSD--ISLSGCLLQMYFFHSTGMSEVCLLTAMAFDCYLAICSPLHYPTIITPKLCA-LTLSCCICGFIMPLTETAWISTLLFCGSNHLEHIFCDFLPVPGLACLDTQDIVMIQAVDVVHAVEIITGVMLIFMSYVGTVAVILCICSAEGHCKEFSTYVSHLTVFLVFFGSVALMYLHFSAIYSLFWDIAIALAFVVLSPFFNLII--LRNKEIEGAIKKHISQANII-FIRPGTSSKIZZ	uc001fsu.1_orcOrc1_1_1
uc001fsu.1	OR6K2	turTru2	Stops1	Exon1	PositionsAA[72]	PositionsNT[216]	MESPNQTTAQEFIFSAFPYSWGDPVICFVPLLFIYAFIVVGNLVIITVVQLNTHLHTSMY--ISALSFLEIWZTTATIPKVLSCLLSD--ISLSGCLLQMYFFHSTGMSEVCLLTAMAFDCYLAICSPLHYPTIITPKLCA-LTLSCCICGFIMPLTETAWISTLLFCGSNHLEHIFCDFLPVPGLACLDTQDIVMIQAVDVVHAVEIITGVMLIFMSYVGTVAVILCICSAEGHCKEFSTYVSHLTVFLVFFGSVALMYLHFSAIYSLFWDIAIALAFVVLSPFFNLII--LRNKEIEGAIKKHISQANII-FIRPGTSSKIZZ	uc001fsu.1_turTru2_1_1
uc001inn.3	DCLRE1C	eriEur2	Stops1	Exon14	PositionsAA[260]	PositionsNT[780]	EEED--LFDDPLPPPLRYKVSKLQTSHPDTVPKTIGFSSQPESPRR--EGFKAERMQSSLWANFIDCEESNSESEDELQISPLSERDL----HQQKTEMEIPQWEVFFKR---AADDGLGNGPSSTEAEGSQSPKLFSDSDGESTHISSQNSSQSTHISEQGSQGWDSQSDTVLLSSQERN-------------PKIKEYIPASETKENVPCPEDTYTALKCRDQYLNIAPSIGEPTTLSSRKNIPQDKMVLNTSSSADSZSSSDFEIPST----------------KLASGKSIVVEKRKRSYIDIZ	uc001inn.3_eriEur2_14_14
uc001zmd.1	RPUSD2	criGri1	Stops1	Exon1	PositionsAA[33]	PositionsNT[99]	MWRGVHGCLGILVQWRVAPWSHSFARTWSGCREZIAWNL-TQ-KAAG-LKALVQHNGDSGSDQSRERLLEGLDLA--VGEQVPGNAGQTPAPVADSGKRKKRRGATGERVVPPPKKRRTGVSFGDEHFAETTYYFEGGLRKVRPYYFDFQTYCKGRWVGRSLLHVFSTEFRSQPLEYYEAAVRAGRLHLNEEPVQDLSIVLK	uc001zmd.1_criGri1_1_3
uc002hxh.2	KRT17	pteVam1	Stops2	Exon1	PositionsAA[29,116]	PositionsNT[87,348]	MTTTIRQFTSSSSIKGSSGLGGGSSRTSCZLSGGLGAGSCRLGAASG----------------GYGGGYVGCLVRFDGLLASNKKVAMPNLNDCLASYL--VRSLEAAN-YLKVKIZDWYQKQGPRSAHDYSHYYKTIE-----	uc002hxh.2_pteVam1_1_8
uc002pga.4	ZC3H4	cavPor3	Stops1	Exon2	PositionsAA[46]	PositionsNT[138]	EDGELEEGELEDDGAEETQDTPGGQERSRKEKGEKHHSDSDEEKSHZMLKRKRRKRRQKYMRRF-KRRKSKHK	uc002pga.4_cavPor3_2_14
uc002pga.4	ZC3H4	oryAfe1	Stops1	Exon7	PositionsAA[5]	PositionsNT[15]	GGAQGZDRGPRGGGERLGWK-GRREGNG-------EDEEDFYDEEME	uc002pga.4_oryAfe1_7_14
uc002rvf.3	SOCS5	ailMel1	Stops1	Exon1	PositionsAA[356]	PositionsNT[1068]	MDKVGKMWNNFKYRCQNLFGHEGGSRSDNVDMNSNRCLSVKERNISIGDSAPQQQSSPLRENVALQLGLSPSKNSSRRNQNCATEIPQIVEISIEKDHDSCVTPGARLARRDSYSRHAPWGGKKKHSCSTKTQSSLDTDKKFGRTRSGPQRRERRYGVSSAHDMDSVSSRTVGSRSLRQRLQDTVGLCFPMRTYSKQSKPLFSNKRKIHLSELMLEKCPFPAGSDLAQKWHLIKQHTAPVSPHSTFFDTFDPSLVSTEDEEDRLRERRRLSIEEGVDPPPNAQIHTFEATAQVNPLYKLGPKLAPGMTEVSGDNAAIPQANCDSEEDTTTLCLQSRRQKQRQASGDSHAHVSRQGAZKVHTQIDYIHCLVPDLLQITGNPCYWGVMDRYEAEALLEGKPEGTFLLRDSAQEDYLFSVSFRRYNRSLHARIEQWNHNFSFDAHDPCVFHSSTVTGLLEHYKDPSSCMFFEPLLTISLNRTFPFSLQYICRAVICRCTTYDGIDGLPLPSMLQDFLKEYHYKQKVRVRWLEREPVKAKZ	uc002rvf.3_ailMel1_1_1
uc003hfk.1	AMTN	chlSab1	Stops1	Exon7	PositionsAA[84]	PositionsNT[252]	PQIFTSLIIHSLFPGGILPTSQAGANPDVQDGSLPAGQAGVNPAIQGTPAGRLPTPSGTDDDFAVTTPAGIQRSTHATEETTTEZPN	uc003hfk.1_chlSab1_7_8
uc003hfk.1	AMTN	macFas5	Stops1	Exon7	PositionsAA[84]	PositionsNT[252]	PQIFTSLIIHSLFPGGILPTSQAGANPDVQDGSLPAGQAGVNPAIQGTPAGRLPTPSGTDDDFVVTTPAGIQRSTHATEETTTEZPN	uc003hfk.1_macFas5_7_8
uc003hfk.1	AMTN	papHam1	Stops1	Exon7	PositionsAA[84]	PositionsNT[252]	PQIFTSLIIHSLFPGGILPTSQAGANPDVQDGSLPAGQAGVNPAIQGTPAGRLPTPSGTDDDFAVTTPAGIQRSTHATEETTTEZPN	uc003hfk.1_papHam1_7_8
uc003hfk.1	AMTN	rheMac3	Stops1	Exon7	PositionsAA[84]	PositionsNT[252]	PQIFTSLIIHSLFPGGILPTSQAGANPDVQDGSLPAGQAGVNPAIQGTPAGRLPTPSGTDDDFAVTTPAGIQRSTHATEETTTEZPN	uc003hfk.1_rheMac3_7_8
uc003jem.1	TAS2R1	orcOrc1	Stops3	Exon1	PositionsAA[93,127,205]	PositionsNT[279,381,615]	MLESHLISHLCLAVIKFLFGVLVNGIIVVVNGTYLIKQRKMIPLDLLVSCLAISRICLQLAIFYVNLAVLSLIEFPQLAEKFVILTFINESGLZFATWLSLFYCAKIATIAHPH--RLKVRISKLVPZLVLESLLYASSMDVFHSKHRWIFSKEHFLGLFSPNATT-IKEIPALQFAFLLAEFSLPLLIFLISSLLLIFSLGRHTZQMRNTATGPRNPRTCMHISTFLSILSFLVL--CHSMTAALLFSQIFNFRSFIFLFCILRVGSYHSGHSITLILGNPKMKQNAKKLLLQRKCCQZ	uc003jem.1_orcOrc1_1_1
uc003jem.1	TAS2R1	triMan1	Stops1	Exon1	PositionsAA[169]	PositionsNT[507]	MLYSHLTIHLLLSVIQLLSGILANGIILVGRGMDLIKRRKWTSLDLLLSCLGVSRICLQLMFFYMTLTFLSIVEFSESSTHFAVCMLINESGLWFDTWLGVFYCAKTANITHPLF--LKRRISKLVAWLILASLLYTSIVSIFHNKYSWPIFQKTLPQYFSKNATAQSKZGSTFLYIFLATELSLPLLIFLASVLPLVFSLGRHTWQMRSTMTGSRDLSRSSQLRAILSILSFLFLYLTHYVVDALITFSILQARSLVFLFCMLVAGTYPSAHSIILILGNTKLKQNAKTFLLHCRCCPZ	uc003jem.1_triMan1_1_1
uc003jem.1	TAS2R1	turTru2	Stops2	Exon1	PositionsAA[93,205]	PositionsNT[279,615]	MLESHLISHLCLAVIKFLFGVLVNGIIVVVNDTHLIKQRKMIPLDLLVSCLAISRICLQLAIFYVNLAVLSLIEFPQLAEKFVILTFINESGLZFATWLSLFYRAEIATIAHPH--RLKVRISKLVPWLALESLLYASSMDVFHSKHRWIFSKEHFLGLFSPNATT-IKEIPALQFAFLFAEFSLPLLIFLISSLLLIFSLGRHTZQMRNTATGPRSPRTCVHISTLLSILSFLVLYLCHSMTAALLFSQIFNFRSFIFLFCILWVGSYHSGHSITLILGNPKMKQNAKKLLLHRKCCQZ	uc003jem.1_turTru2_1_1
uc003jpo.2	CDC20B	chrAsi1	Stops1	Exon6	PositionsAA[2]	PositionsNT[6]	GCZDGVKFETFHFKRFSDKNSSILQPEVKIHLTGLRNDY	uc003jpo.2_chrAsi1_6_12
uc003jpo.2	CDC20B	criGri1	Stops1	Exon2	PositionsAA[12]	PositionsNT[36]	ENVMQVFANDVKZQRGQSSPK	uc003jpo.2_criGri1_2_12
uc003jpo.2	CDC20B	criGri1	Stops1	Exon10	PositionsAA[30]	PositionsNT[90]	AMEWCPCQSEVLALGRGMKDGRLCVSITHSZASFQPPCAHT-	uc003jpo.2_criGri1_10_12
uc003jpo.2	CDC20B	echTel2	Stops1	Exon3	PositionsAA[62]	PositionsNT[186]	AFEAVSSPYSNFQSRFGKWLPTEMSDASIAVATRGQQSQSKDLA--TFPEAHSSADFP-SPEZALQMTDE-ETRIP	uc003jpo.2_echTel2_3_12
uc003jpo.2	CDC20B	echTel2	Stops1	Exon6	PositionsAA[35]	PositionsNT[105]	-CKDGVRDETFCLKR-SDLSNSILQAEEKSHLNVLZNDC	uc003jpo.2_echTel2_6_12
uc003jpo.2	CDC20B	eleEdw1	Stops3	Exon9	PositionsAA[2,5,25]	PositionsNT[6,15,75]	GSZLGZVYHHGVWAAPGHVGT----ZAVCALKWSSESKQLSCGCSDELLTIPPHDLGAN-QSQPLQVIAQSTAVK	uc003jpo.2_eleEdw1_9_12
uc003jpo.2	CDC20B	mesAur1	Stops1	Exon3	PositionsAA[35]	PositionsNT[105]	AFGSVT-TYSSFKSNFVKRLSGEIPAASSAIT--WZPNQARDLEACSSAKEGYSSNIPES--SVLKITPAVDTQTL	uc003jpo.2_mesAur1_3_12
uc003jpo.2	CDC20B	mesAur1	Stops1	Exon5	PositionsAA[14]	PositionsNT[42]	KCLNQLFSTQKEVQZGNGRKHLC------RT	uc003jpo.2_mesAur1_5_12
uc003jpo.2	CDC20B	mesAur1	Stops1	Exon9	PositionsAA[60]	PositionsNT[180]	RSRLGVVHHYDVWMAQHYVETLHQKEAVCALKWSRDGRLLPGGCKDGLLAIWLHDPGASVZGPALKVIPQFTAVK	uc003jpo.2_mesAur1_9_12
uc003jpo.2	CDC20B	mesAur1	Stops2	Exon11	PositionsAA[5,11]	PositionsNT[15,33]	VCSLIZVPKTKZIATGQGASKNDMALWTC----------	uc003jpo.2_mesAur1_11_12
uc003jpo.2	CDC20B	micOch1	Stops2	Exon3	PositionsAA[3,49]	PositionsNT[9,147]	AFGZVT---F--------RLSAEIPVASTPITTRGQPSPAGDLEACSSWZVRSSSDIPAS--SVLKMAPGTDT---	uc003jpo.2_micOch1_3_12
uc003jpo.2	CDC20B	micOch1	Stops1	Exon6	PositionsAA[35]	PositionsNT[105]	-CRDGVRDESFHLRRFSSIRHFICHLEVELHLMSLZNDY	uc003jpo.2_micOch1_6_12
uc003jpo.2	CDC20B	ochPri3	Stops2	Exon9	PositionsAA[12,37]	PositionsNT[36,111]	GLRLGQVHHYDVZLAQHCVGM-GHKQAVCTLKWSPGSZLLSCGYSDGLLTVRSHGS-ASAQAQSLTVIPCCTAVK	uc003jpo.2_ochPri3_9_12
uc003jpo.2	CDC20B	oryAfe1	Stops1	Exon2	PositionsAA[16]	PositionsNT[48]	EHVTQMLVKDLEQK--ZGSSK	uc003jpo.2_oryAfe1_2_12
uc003jpo.2	CDC20B	oryAfe1	Stops1	Exon9	PositionsAA[15]	PositionsNT[45]	GLRLRLVYHHNVWVAZHHVGTLHHKQAVCALKWSPNGKVLSSGCSDGLLTIWPYDRGVNAQ--PLKVIPQSTAVK	uc003jpo.2_oryAfe1_9_12
uc003jpo.2	CDC20B	rn5	Stops1	Exon5	PositionsAA[29]	PositionsNT[87]	KCLNQLFATQKGVQQTDGKMCLCEESRCVZT	uc003jpo.2_rn5_5_12
uc003jpo.2	CDC20B	sorAra2	Stops2	Exon3	PositionsAA[49,67]	PositionsNT[147,201]	VSKAVNTTYSKLRSNFLKRLLAEAPVASSLVTTRWRQSPSRDLAAYCFGZVHLDNDLPEASGSLLKIZSEKETVVP	uc003jpo.2_sorAra2_3_12
uc003jpo.2	CDC20B	sorAra2	Stops1	Exon5	PositionsAA[4]	PositionsNT[12]	KCLNZLFWTQKVV-QLTGKMQLCEQAQCTWK	uc003jpo.2_sorAra2_5_12
uc003jpo.2	CDC20B	sorAra2	Stops1	Exon6	PositionsAA[35]	PositionsNT[105]	DCKDGASDESFSLKSFTDINYSILQTEAKIH-SGLZNDY	uc003jpo.2_sorAra2_6_12
uc003jpo.2	CDC20B	sorAra2	Stops1	Exon8	PositionsAA[7]	PositionsNT[21]	LWDVVAEZWLKNMQGHLSVVE-LSWDHCIFS-	uc003jpo.2_sorAra2_8_12
uc003jpo.2	CDC20B	sorAra2	Stops1	Exon11	PositionsAA[16]	PositionsNT[48]	ICSLIWLPKTKEIATGZGS--------------------	uc003jpo.2_sorAra2_11_12
uc003jpo.2	CDC20B	triMan1	Stops1	Exon4	PositionsAA[22]	PositionsNT[66]	ESYEEPLKTAFKRSFETNNSVLZFCKTPHSLDRSWKKNVASKGQ	uc003jpo.2_triMan1_4_12
uc003pnb.3	GABRR2	chrAsi1	Stops1	Exon4	PositionsAA[14]	PositionsNT[42]	DFTMTLYLRHYWKVZRLAFPSTSNKSMTFDSRLVKKIWVPNIFFVHSKRSFIHDTTTDNII-------HVLY--R	uc003pnb.3_chrAsi1_4_9
uc003pnb.3	GABRR2	chrAsi1	Stops1	Exon8	PositionsAA[41]	PositionsNT[123]	VITKGLTMSTIITGVNASMPRVSYIKAVDIYLWVSFVFVFLZVLEY--VNYLTTGQKLKEWKLPGK	uc003pnb.3_chrAsi1_8_9
uc003qdk.2	TAAR5	orcOrc1	Stops2	Exon1	PositionsAA[183,184]	PositionsNT[549,552]	----FSQ-AE---VELCYKVNSSCLKTPYSPGPRAILYQSCLGALLA-VFGNLLVITAILHFKQLHTSTKFLIASLACADFSVGVTVM---TVRSLESCWYFGESYCKFHTCFDNFFCFASLFHLCCISVDRYIAL-DPLTYPTKFTDLVSGICIVLSWFFSVTYSFSIFHTGVNEEG---RTZZLPCVGGCQ---NESWVLIYFLLFFIPTVAMVCLYMKVFLVAKYQARKISQPSSVLERVAKRERKAAETLGIATAAFLVSWLPYIIDAIIDAHMNFITPPYVYEILVWCVYYNSAMNPLIYAFFYPWFQKAIKLIASGKV--------------	uc003qdk.2_orcOrc1_1_1
uc003qdk.2	TAAR5	sorAra2	Stops2	Exon1	PositionsAA[183,184]	PositionsNT[549,552]	MSATINPGAEKQPVELCYEINGSCIKTSYSPGPRLLLYAVFGFGVVLTIFGNLMVMISIFHFKQLHSPANFLVASLACADFLVGVTVMPFSTVRSVESCWYFGERYCKFHSCFEGAFCYASIYNLCFISVDRYIAVTDPLTYPTRFTTSVSSLCIGFSWLFSITYSFSLIGTG---TVLDWRNZZVPCVGGCQIAVNQNWVLIDFLVFIVPTLVMIIIYSRIFLIAKEQARKIESMSNSQDRVAKRERKAAKTLGIAVMAFLISWLPYFIDSVIDAFLGFITPTYIYEILLWFCYYNSAMNPLIYAFFYPWFRKAIKFILSRELFSPRTPTIDLYQEZ	uc003qdk.2_sorAra2_1_1
uc003uns.3	PON1	lepWed1	Stops1	Exon5	PositionsAA[26]	PositionsNT[78]	DNTVYLLVVNHPNFKSTVELFKFEEEZKSLLHLKTIRHKLLPN	uc003uns.3_lepWed1_5_9
uc003uns.3	PON1	orcOrc1	Stops1	Exon9	PositionsAA[17]	PositionsNT[51]	VLQIQKIL--EPKVTVVZAENGTVLRGSTVASVYKGKLLIGTVFHTALYCELZ	uc003uns.3_orcOrc1_9_9
uc003uns.3	PON1	triMan1	Stops1	Exon4	PositionsAA[55]	PositionsNT[165]	GLKYPGLKSFEPNEPGKILLMDLNEEDPVVLELKITGDNFNLASFNPHGISTFTDZ	uc003uns.3_triMan1_4_9
uc003uns.3	PON1	triMan1	Stops1	Exon9	PositionsAA[12]	PositionsNT[36]	VIQIQNILTEEPZVTVVYAENGTVLQGSTVASVYRGKLLIGTLFHKALYCELZ	uc003uns.3_triMan1_9_9
uc003uns.3	PON1	turTru2	Stops1	Exon9	PositionsAA[17]	PositionsNT[51]	VLQIQKIL--EPKVTVVZAENGTVLRGSTVASVYKGKLLIGTVFHTALYCELZ	uc003uns.3_turTru2_9_9
uc004acn.3	FOXD4L2	ailMel1	Stops1	Exon1	PositionsAA[383]	PositionsNT[1149]	MNLPKPDRLHPALQRSLRSSDGEDGEIDILGEEEDEDE--EEEEEESQRLLEQLQTPVTKEARRGAGALPGENPESGGARSXXXKFGTKFRASSGCAAASGDGPQPAKPPYSYIALITMAILQSPHKRLTLSGICAFISGRFPYYRRKFPAWQNSIRHNLSLNDCFVKIPREPGHPGKGNYWSLDPASQDMFDNGSFLRRRKRFKRHHPPPGVHLHHPLPLPASPSALHGPH-------------VPGAYPAAAAGSRPCALLHPHPLRYLLLSAPAYAETPKKAQGADLAASARSRHCRPLCAPRLGRRARGWRRGRETDAPPSASRVSCKGSGEGAQGPRRVCLRRRGATATCCSARRACCTTGPLPPCCTCPLRPLLERFZS--SSPRSTVPAAALPARALCWANTCPPPRRCW	uc004acn.3_ailMel1_1_1
uc004acn.3	FOXD4L2	bosTau7	Stops2	Exon1	PositionsAA[302,383]	PositionsNT[906,1149]	MNLPRAERLRPTPPRRLRGSDGEDGEIDILGEGEDEEEEED--EEGSQRFPEPLHEPQPQEARRGAGALPGEGTESSGSPSNSSEFCPKFGVSTGSAAASRDAPQPAKPPYSYIALITMAILQSPHKRLTLSGICAFISGRFPYYRRKFPAWQNSIRHNLSLNDCFVKIPRETGHPGKGNYWSLDPASQDMFDNGSFLRRRKRFKRHHPPPGDHLHHPFPPPAAPAALHGPYPGMLLGPAAPPQPVTGAYPASTPGSRPCALLHPHPLRYLLLSAPAYAEVPRKEQGADLGTPAPFRRCSPRZTPSLGKRARGRRRGQLADAPPSASRVSCKGSRERVQAPRRVCPRPRGVTATCCSVRRACCILRPLPPCSTYPLPPLPGQFZS---SI--IVPAAALPARALCWAVTCPPPRRCW	uc004acn.3_bosTau7_1_1
uc004acn.3	FOXD4L2	calJac3	Stops1	Exon1	PositionsAA[302]	PositionsNT[906]	MDLPRAERLPSTLQRSLRDSSGKTGKINVLGEEVDEDE----EEEASQQFLEQQPQPGLQGARRGGGALPRE--EGGGGPSEPSDFGTKFRIPPKYAAASGDAPQPAKPPYSYIALITMAILQSPHKRLTLSGICAFISGRFPYYRRKFPAWQNSIRHNLSLNDCFVKIPREPGQPGKGNYWSLDPASQDMFDNGSFLRRRKRFKRHQPTSRAHLPHPFPLPAAPAALHNHHPGLLLGAPAPPQLVPGAYSTAAPGRRQCALLHPHHLRYLLLSAPAYAEAPGKAEGADLMIPAPFRLCSPRZVSSLGRRAKVPRRDQKVDASLSALRVLCKGSGEAVQGLRRVCPRPRGATATCCSAHHACWIPRPLPLCCTFPSPPLLGQFCSYSSSIRRTAPTAVLPPRARCWEGTCRPPRRCL	uc004acn.3_calJac3_1_1
uc004acn.3	FOXD4L2	capHir1	Stops1	Exon1	PositionsAA[383]	PositionsNT[1149]	MNLPRADRLRPTPPRRLRGSDGEDGEIDILGEGEDEEEEED---EGSQRFPEPLHQPQPQEPRQGAGALPGDRTESSGGPSNSSEFCPKFGVSTGSTAVSGDAPHPAKPPYSYIALITMAILQSPHKRLTLSGICAFISGRFPYYRRKFPAWQNSIRHNLSLNDCFVKIPREPGHPGKGNYWSLDPASQDMFDNGSFLRRRKRFKRHHPPPGAHLHHPFPLSAAPAALHG---------------------------------------------------------------------------------------------------------------------------------RACCILRPLPPCS-----PLPGQFZS---SS--IVPAAALPARALCWAVTCPPPRRCW	uc004acn.3_capHir1_1_1
uc004acn.3	FOXD4L2	conCri1	Stops1	Exon1	PositionsAA[302]	PositionsNT[906]	MNMPRAERLCATPQRSLRGSDGEDGEIDVLGEEEDEEANGREE--GSQQFLEQLHQSGPQGARRVAGAFPQKC--RSEGPSDSLEFGTKFSLTAESAAASREVPQPVKPPYSYIALITMAILQSPHKRLTLSGICAFISGRFPYYRRKFPAWQNSIRHNLSLNDCFVKIPREPGHPGKGNYWSLDPASQDMFDNGSFLRRRKRFKRHHPLPEAQLHHPFPLPAAPTALNGPYPSLLLGPPAQQHPLPGTYFSAAAGGHACTLLHPHPLRYILLSTPAYAEALEKAQLVDLAVPAPSQCCSLLZAPCLGRRARDQRPRREADAHPSASKASCKGSGGAQQGLRRICPRRRGATATCSSTPHACCMPSPMPPCFMFPLQLLLEQFCSSSSSSSSTVPAAALPVRALCWASTCVQLRSCZ	uc004acn.3_conCri1_1_1
uc004acn.3	FOXD4L2	criGri1	Stops1	Exon1	PositionsAA[153]	PositionsNT[459]	MNLARAGHLLSTPQLSPPSSDRDEVEIDVLAEGEDGDEDDEEKAERNQKRL--PPLPG------GARTLPGRSSGDRGGPSNSSGFLRKFRAPRTAATPAADGPQPAKPPYSYIALITMAILQSPHKRLTLSGICAFI------------AGHZLLLYNLSLNDCFVKIPREPGHPGKGNYWSLDPASQDM--------------------------------------------------------------------------------------------------------------------------------------------------------------GATATCCSIRRARCTLRSFPHCCKC---PPPGQSFSSSSLSRSTVPGAAPRVKARGWAGTZRPLQRCZ	uc004acn.3_criGri1_1_1
uc004acn.3	FOXD4L2	eptFus1	Stops1	Exon1	PositionsAA[318]	PositionsNT[954]	MNLPGAERLRPTPPRSLQGSEGEDGEIDILGEEEDEDDDEEEED-----FKEQLHPPASQG---GA---PGERTERSGCPSDSPEFGTKFGASTGSAAASGDAPQPAKPPYSYIALITMAILQSPHQRLTLSGICAFISGRFPYYRRKFPAWQNSIRHNLSLNDCFVKIPRDPGHPGKGNYWSLDPASRDMFDNGSFLRRRKRFKRHHQPPGAHLHHPFPLPVVPATLHGPYPGLLPGSLAPPQPVPGAYPAAAPRSRPCALLHPHPLRYLLLSAPVYSEAPGKVQGGDLVTPAPSLHCSPPWASSLGKGARGSHRHRZADVPPSASKASCEGAEEGVQRPRRICPGPRGATVTCCSARRACCTPRLLPPCSTCPRSPLPGGCCS--SRSSTTE------AKARCWAGTCRPPWRCW	uc004acn.3_eptFus1_1_1
uc004acn.3	FOXD4L2	loxAfr3	Stops1	Exon1	PositionsAA[302]	PositionsNT[906]	MNLPRVK---------LPGSDGEDGEVDILGEDEGEEEAK------SQPFPPQLASPRRQGA-------PRERT-GACGPGAASESDSKSKAPAGSAAASGDALPRAKPPYSYIALITMAILQSPRQRLTLSGICAFIRGRFPYYRRRFPAWQNSIRHNLSLNDCFVKIPREPGHPGKGSYWSLDPASQDMFDNGSFLRRRKRFKRAQQPPGAHP-----LRTA---LPCPPPGLPLAPPAPTPPGPGPYS-AAAGRRPCALLHPLPIRYLLLPPPACAQAPGNAEGAALGTPAPSRRSSCRZAPGPGWRGRRRRRGQGAGAHPSASRASCKGSGQGAPAPCRVCPPPRGATATCCSARRAWRIPRPLRPGCTYPPPPPPGRFC--------TGPTAALPPRARCWAATCPPPRRCW	uc004acn.3_loxAfr3_1_1
uc004acn.3	FOXD4L2	micOch1	Stops1	Exon1	PositionsAA[302]	PositionsNT[906]	MNLARAGRLCSTPQPSPLSSDRDEVEIDVLAEEENGDEDEEEKGEISQMCL--PQLPG------GARSLPRRSTGDRGDLSNSSGLVRKFRAPRTTATAATDGPQPAKPPYSYIALITMAILQSPHKRLTLSGICAFISGRFPYYRRKFPAWQNSIRHNLSLNDCFVKIPREPGHPGKGNYWSLDPASQDMFDNGSFLRRRKRFKRHHPPPGGHPHCPFPPPAVPATLHVSHPSLLLRYSAPPQPGLGTRPTAPPGSRPCMPLHPHPLRYLLLSTPAYAEAPRKAEDADPAAPVPSPHCHLYZVPSLGAGTRTQNLCGVEGVPRSPLRASCRGSEEKELGLCRVRPRFRGATAICCSTQRACCTPRPFPLCCKC---PPPGQCCSRSRRSRSTVPGAALQVKARGWAGTCRPLLRCZ	uc004acn.3_micOch1_1_1
uc004acn.3	FOXD4L2	mm10	Stops1	Exon1	PositionsAA[293]	PositionsNT[879]	MNSARAGHLRSTPPPSPLSSDQDEVEIDVLAEEEDGDEEEDDEEE-SHKCL--RSLQR------GARTLAGRSAGDCGDLSNSSGFLRKFRAPRTPATTTADGPQPAKPPYSYIALITMAILQSPHKRLTLSGICAFISGRFPYYRRKFPAWQNSIRHNLSLNDCFVKIPREPGHPGKGNYWSLDPASQDMFDNGSFLRRRKRFKRHHPPSGGHPHCPFPPPAVPATLHVSQPSLLLRYSAPPQPNLAAHPAAPPRSHPCAPLHPHPMRYLLLAAPAYGDNPRKAEGADPATPZPFPRCSPYWVPSLGRETRALELGPDAGALRSPSRASCRGLQEEELGLRRVRPLLRGATATCCNIHRACCTPRPLPLCFTC---QVPGQYCLSSRCSKNTVPLAALPVKACGZASTCPPLRRCZ	uc004acn.3_mm10_1_1
uc004acn.3	FOXD4L2	myoDav1	Stops1	Exon1	PositionsAA[315]	PositionsNT[945]	MNLSGAERLRPTPPRSLQGSEGEDGEIDILGEEEDEDDDEEEED-----IK-------------------------RGCPRDSPEFGTKFSASTGSAAPSGDAPQPAKPPYSYIALITMAILQSPHKRLTLSGICAFISGRFPYYRRKFPAWQNSIRHNLSLNDCFVKIPREPGHPGKGNYWSLDPASKDMFDNGSFLRRRKRFKRHHQPPGAHLPHPFPLPVVPATLHGPYPSLLPGSPAPPQPVPGACPAAAPRSRPCALLHPHPLRYLLLSAPVYSEAPRKVQGGDLVTPAPLQHCSPHWASSLGRGARGWHZDRSADAPPSASRVSCKGAEEGVQRPRRICPGPRGATVTCCSARPACCTPRLPPPGSPCPRPPLPGGCCS---SSSTTV------AKARCWAGTCLPLWRCW	uc004acn.3_myoDav1_1_1
uc004acn.3	FOXD4L2	orcOrc1	Stops1	Exon1	PositionsAA[302]	PositionsNT[906]	MNLPRAERLRSTPPRSLRGSDREDGAIDILGEEEDEEEEEEEDEEGSQRLLEPLHQPEPQKARRGAGALPGERTESGGGPSDSSEFGPKFGAPMGSAAASAGAPQPAKPPYSYIALITMAILQSPHKRLTLSGICAFISGRFPYYRRKFPAWQNSIRHNLSLNDCFVKIPREPGHPGKGNYWSLDPASQDMFDNGSFLRRRKRFKRHHPPPGAHLHHPFPLPAAPAALHTPYPGMLLGPPAPPQPVPGAYPASTPGSRPCALLHPHPLRYLLLSAPAYAEAPRKAQGADLVTPVPFRRCSPRZAPSLGRRARGRRRGRQADAPPSASRVSCKGSGELVQAPLRVCPRPRGVTATCCSARRACCILRPLPPCSTSPPPPLPGRFCS---SSSSTLPAAALPARALCWAGTCPPQRRFW	uc004acn.3_orcOrc1_1_1
uc004acn.3	FOXD4L2	oryCun2	Stops2	Exon1	PositionsAA[330,333]	PositionsNT[990,999]	MNLASAECLRSTPPRSLRGSDGEEGEIDVLGEEEDEDEQDDEEAEGSQNFLEQPRPPGLQGALRGAGAHPGERTEGSSNHSDLSQFGTKFRAPTRSVAALGESPQPAKPPYSYIALITMAILQSPHKRLTLSGICAFISGRFPYYRRKFPAWQNSIRHNLSLNDCFVKIPREPGHPGKGNYWSLDPASQDMFDNGSFLRRRKRFKRHQPPPGAHPHHPFPLPAAPTALHGPHPGLLLGTPAPPPPVPGAFPTAVPGSRPCALLHPHPLRYLLLSAPAYVDRPRKAEGTDAAAPVAYGWCNPRRVPGLGRRAKARGRGRGAVAPPSASRVSZKGZGRRVQARRPACRRPRGVTAICCSARRAWCTPRPLPPCCTCRQPPPRGPSCSSSSSSRRTAPAAAFPATARPWAGNCRQPRRCW	uc004acn.3_oryCun2_1_1
uc004acn.3	FOXD4L2	otoGar3	Stops2	Exon1	PositionsAA[317,362]	PositionsNT[951,1086]	MDLPRAGRPRSTRQRSLPGSDREDGEIYVLRQDEDGEEEEDPESEASPRFLE------PQGTRRGAGALPRECPEGGGRRSDPAELGANFKAPTTSAASSGDAPQLAKPPYSYIALITMAILQSPHQRLTLSGICAFISGRFPYYRRKFPAWQNSIRHNLSLNDCFVKIPREPGHPGKGNYWSLDPASQDMFDNGSFLRRRKRFKRHHPPPGAHLHHPFPLAPAPTVLQGPQPGLLLGSAAP---VPGTHPIAAPGSRPTALLHPHPLRYLLLSAPACATARRKSEGADLERPASSRRCSPPRAPSLGKRARVWPRDZEVDVPLSASRVSCKGSGKEVQGPRRVCPRPRGATATCYSARLACZITRPLPPCCTCLPPPPPDAFCCCSRSSSSTAPAAALPAREGCWIVTCPLPQPZZ	uc004acn.3_otoGar3_1_1
uc004acn.3	FOXD4L2	oviAri3	Stops2	Exon1	PositionsAA[302,383]	PositionsNT[906,1149]	MNLPRAERLRPTPPRRLRGSDAEDGEIDILGEGEDEEEEED---EGSQRFPEPLHQPQPQEARLRAGALPGERTESSGGPSNSSEFCRKFGVSTGSTAVSRDAPQPAKPPYSYIALITMAILQSPHKRLTLSGICAFISGRFPYYRRKFPAWQNSIRHNLSLNDCFVKIPREPGHPGKGNYWSLDPASQDMFDNGSFLRRRKRFKRHHPPPGAHLHHPFPLSAAPAALHGPYPGMLLGPPAPPQPVPGAYPVSTPGSPQSALLHPHPLRYLLLSAPAYAEVLRKEQGGDMGTPAPFRRCSPRZTPSLGKRARGQRRGQLANAPPSASRVSCKGSRERVQAPRRVCPRPLGVTATCCSVRRACCILRPLPPCS-----PLPGQFZS---SS--IVLAAALPARALCWAVTCPPPRRCW	uc004acn.3_oviAri3_1_1
uc004acn.3	FOXD4L2	panHod1	Stops2	Exon1	PositionsAA[302,383]	PositionsNT[906,1149]	MNLPRAKRFRPTPPRRLRGSDGEDGEIDILGEGEDEEEEED---EGSQRFPEPLHQPQPQEARLGAGALPGERTESSGGPSNSSEFCPKFGVSTGSTAVSRDAPQPAKPPYSYIALITMAILQSPHKRLTLSGICAFISGRFPYYRRKFPAWQNSIRHNLSLNDCFVKIPREPGHPGKGNYWSLDPASQDMFDNGSFLRRRKRFKRHHPPPGAHLHHPFPLPAAPAALHGPYPGMLLGPPTPQQPLPGAYPVSTPGSRQCALLQPHPLRYLLLSAPAYAEVLRKEQGADMGTPAPFRPCSPRZTPSLGKRARGRRRGQLADAPPSASRVSCKGSRERVLAPRRVCPRPRGVTATCCSVRRACCILRPLPPCS-----PLPGQFZS---SS--IVPAAALPARALSWAVTCPPPRRCW	uc004acn.3_panHod1_1_1
uc004acn.3	FOXD4L2	rn5	Stops1	Exon1	PositionsAA[333]	PositionsNT[999]	MNLARAGHLLSTPPPSPLSSDPEEVEIDVLAEEEDGDEDDG-GEE-SHKCL--RSLQR------GARTLARRSAWDCGDLSNSSGFLRKFRAPRTRATTTADGPQPAKPPYSYIALITMAILQSPHKRLTLSGICAFISGRFPYYRRKFPAWQNSIRHNLSLNDCFVKIPREPGHPGKGNYWSLDPASQDMFDNGSFLRRRKRFKRHHPPPGGHPHCPFPPPAVPATVQVSQPGLLLRYSAPPQPNLAVHPASPPRSRPCAPLHPYPLRYLLLAAPAYADEPRKAEGADPATSSPSPLCSPHRAPSLGRETRALDLGPDAGAPLSPSRASCRGZQGEELGLRRVRPSLRGATATCCSTHRACCTPRPLPLCFTC---QLPGQCCSSSRSSRKTVPLDALPVKASGZAGTC-------	uc004acn.3_rn5_1_1
uc004acn.3	FOXD4L2	saiBol1	Stops1	Exon1	PositionsAA[302]	PositionsNT[906]	MDLPRAERLRSTLQRSLRDSDGENGKINVLGEEVNEDEEED-EEEASQQFLEQQPQLELQVARRGGGELPREHNEGGGGPSDPSDFGTKFRIPPRYAAASGDASQAAKPPYSYIALITMAILQSPHKRLTLSGICAFISGRFPYYRRKFPAWQNSIRHNLSLNDCFVKIPREPGHPGKGNYWSLDPASQDMFDNGSFLRRRKRFKRHQPTSRAHLPHPFPLPASPAALHNPHPSLVLGAPAPPQPLLGAYSTAAPGRRPCALLHPHPLRYLLLSAPAYAEAPGKAEGADLVTPAPFQLCSPRZVPSLGRRAKVPRRDQKVDASLSALRVLCKGSGEAVPGLRRVCPRPLGATATCCSAHHACCIPRPLPLCCTFPPPPLLGQFCSNSSSIRRTAPTAALPPRARCWEGTCLPPRRCL	uc004acn.3_saiBol1_1_1
uc004acn.3	FOXD4L2	speTri2	Stops1	Exon1	PositionsAA[371]	PositionsNT[1113]	MSLPRAKRSRFTPQPSFRRSDGEDGEIDVLGEEEDEDEEEYQEVEGSPKHLERPHQPGP-----GASAIPRERTEGGYGQSDSTEFVSKFRAQTRSAAASGDAPQPTKPPYSYIALITMAILQSPHKRLTLSGICAFISGRFPYYRRKFPAWQNSIRHNLSLNDCFVKIPREPGHPGKGNYWSLDPASQDMFDNGSFLRRRKRFKRHHPSQGGHLYHPFPLPTAPANLQGPHPGLLLGSPVPTQPVPGAYPTTTPGSGQCALLHPHPLRYLLLSAPAYAEAPRSAERADLAIPALSSRCSPQWAHSLGRRARAGCPCLEAGTPPSALRVLCKESALKEEGPRRVCPRLHGATATYSSTRRACCTPR---LCZTC---P--GQFYYSSSSSSSTVSAAVLPAKAGCWAGTCPPSQRCZ	uc004acn.3_speTri2_1_1
uc004cup.1	ARHGAP6	cavPor3	Stops2	Exon13	PositionsAA[48,87]	PositionsNT[144,261]	GSYGDIFESSSLRPGPCSLSQGNLSLNWPRWQGSPAELDRGTQVIRRTZKAATVAPCSVDVPVSRVCSTLHIQRWRGPGGPAGRSKPZLNLRSTEDLAEAESDGAWLPGPARPGAQRPREGGRDDRRPPPPYPGPGK------RRQRPEEGSGSASDQGGPSAEREPRAAPRKLSS-------EQSGQNLGEASWLDWQRERWQIWELLSTENPDALPETLVZ	uc004cup.1_cavPor3_13_13
uc004cup.1	ARHGAP6	mm10	Stops1	Exon13	PositionsAA[143]	PositionsNT[429]	GSYGDIFESSSLRPRPCSLSQGNLSLNWPRCQGSPTGLDSGTQVIRRTQTAATVEQCSVHLPVSRVCSTPHIQTAGGTRRPAASSDPFLSLNSTEDLAEGKEDVAWLQSQARPVYQRPQESGKDDRRPPPPYPGSGKPATTS-ZSQRHEEGSETAV-EGGQQASGEHQTRPKKLSSAYSLSASEQDKQNLGEASWLDWQRERWQIWELLSTDNPDALPETLVZ	uc004cup.1_mm10_13_13
uc004cup.1	ARHGAP6	rn5	Stops1	Exon13	PositionsAA[143]	PositionsNT[429]	GSYGDIFESSSLRPRLCSLSQGNLSLNWPRCQGSTTGMDSGTQVIRRTQTAATVEQCNVHLPVSRVCSTPHIQTAGGSRRPAARSEPFLSLNSTEDLAEGKEDVAWLQSQAQAVYQRPQESGRDDRRPPPPYPGSGKPATTS-ZSQRQEEGSETVV-EGGQQASGEHQTRPKKLSSAYSLSASEQDKQNLGEASWLDWQRERWQIWELLSTDNPDALPETLVZ	uc004cup.1_rn5_13_13
uc004cup.1	ARHGAP6	tupChi1	Stops1	Exon12	PositionsAA[9]	PositionsNT[27]	DMSEEPFNIZGTWHSTLKSGSKDPGMT	uc004cup.1_tupChi1_12_13
uc004cus.3	AMELX	eptFus1	Stops1	Exon3	PositionsAA[4]	PositionsNT[12]	NSYFZVINIDRIAF	uc004cus.3_eptFus1_3_6
uc004cus.3	AMELX	myoDav1	Stops1	Exon3	PositionsAA[4]	PositionsNT[12]	NSYFZVINIDRTAF	uc004cus.3_myoDav1_3_6
uc004cus.3	AMELX	myoLuc2	Stops1	Exon3	PositionsAA[4]	PositionsNT[12]	NSYFZVINVDRTAF	uc004cus.3_myoLuc2_3_6
uc004cus.3	AMELX	oryAfe1	Stops1	Exon3	PositionsAA[13]	PositionsNT[39]	KSHFQAANIDRLAZ	uc004cus.3_oryAfe1_3_6
uc004cus.3	AMELX	oryAfe1	Stops2	Exon5	PositionsAA[11,31]	PositionsNT[33,93]	YPSYGYEPTSGZLHHQIVPV--QQHPLSHTLZPHHHIPMVPPQQPMVPQQPMMPVPGRHSMTPTQHHQPHLPPPVQQPFQPQPVQP--------QPPVHPIQPLLPQPPLPLMFPMKPLPPLLPDLPLEAWPATDKTKREEV	uc004cus.3_oryAfe1_5_6
uc004ddr.2	CYBB	odoRosDiv1	Stops1	Exon2	PositionsAA[18]	PositionsNT[54]	LVWLGLNVFLFIKFYR-LZFGHRFFYTRKLLG	uc004ddr.2_odoRosDiv1_2_13
uc004eys.3	ZNF449	myoLuc2	Stops1	Exon4	PositionsAA[266]	PositionsNT[798]	DFDIGREN----SKWKKLESVYLFSVSSDGNVLLDPNFQDDFDELRYVMGNPAEQLLRDHTLPLYDQNPYPGESAESSNQEKPLNPRDYAQNSAPKKLHQCIQCGRFSFHKG-FKGHLKIHSGKLPHGCPECGKRFLRRSNLQRHLRVHTREAPYKCSVCEKRFTQLSHLTEHQKTSSSQGVSTCPECKLRFCNRKQFMQHLKIHTGGRPHKCQSCEKTFRRQRDLNLHYASHTAERPFTCEYCGKSYRQRSSLVFHSRNHSGEKPZKCTNCSASVLKTARFNM----HFRGILZ	uc004eys.3_myoLuc2_4_4
uc004eys.3	ZNF449	pteAle1	Stops1	Exon2	PositionsAA[47]	PositionsNT[141]	MDRQEVLLEDLAAVGMADMPPDIYLESPPLQAMGLVSEAPVAEVWIPZAGPQELSYSAAGEGHPFLDP	uc004eys.3_pteAle1_2_4
uc004fjz.4	OPN1LW	chrAsi1	Stops1	Exon2	PositionsAA[21]	PositionsNT[63]	GPFEGPNYHIAPRWVYHITSAZMLFVVLASVLTNGLVLMAT-KFKKLRHPLNRNLVNLAVADLAETIIASTISVVNQLSGYFILGHPMCVLDGYTISLC	uc004fjz.4_chrAsi1_2_6
uc004fjz.4	OPN1LW	dasNov3	Stops1	Exon2	PositionsAA[44]	PositionsNT[132]	-PLRR------PCSV-HGTSVRGIFSVAASAFTNGLVLGATGQFZQLRHPLNWIPVNLAVADL-ETTVATPSSVVKQIYGY------------------	uc004fjz.4_dasNov3_2_6
uc004fjz.4	OPN1LW	dasNov3	Stops1	Exon4	PositionsAA[53]	PositionsNT[159]	--------SCVPDMSGGGSYPGVRADMLIL--------PCVPVLCHLRAWPAIZA	uc004fjz.4_dasNov3_4_6
uc010qyk.2	OR51D1	nomLeu3	Stops1	Exon1	PositionsAA[38]	PositionsNT[114]	MQKPQLLVPVIATSNGTLVHPAYFLLVGIPGLGPTIHFZLAFPLCFMYALATLSNLTIVLIIHVERHLHEPMYLFLAMLSTVDLVLSSITMPKMASLFLTGIQEIEFNICLAKMFLIHALSAMESAVLLAMAFDCFVAICHPLRHASVLTGCTVAKIGLASLTRGFVFFFPLPFILKRLSYCRTH-VTHSFCLHQDIVKLSCTDTSVNVVYGHFIILSVMGVDSLFIGFSYILILWAVLELSSCGAALKAFNTCISHLCAVLVFYVPLIGLSGVHRLGGPTSLLHVVMANTYLLLPPVVNPLVYGAKTKEIHSRVLRMFSQGGKZ	uc010qyk.2_nomLeu3_1_1
uc010qyk.2	OR51D1	orcOrc1	Stops1	Exon1	PositionsAA[157]	PositionsNT[471]	MQKHZFLIPAMATPNGTLVYPACFLLVGIPGLGPNVHFWLVFPLC-----ATLGNLAIVLIIRVERCLHEPMYLFLAVLSSIDLVLSSITMPKMASLFLT-----EFNVCLAQLFLIHALSA-ESAVLLAMAFDHVVTICHPLRHASVLPGPTVTKIZLAALTRGFVFFFPLPFILKQLSYCQTYTVTHFFCLPQDIMKLSCTDTTVSVVYRLFIILAVMDVDSLFPGFSCILILRAVLELSSRGAALKSFNTCISHLCAVLVFYVPLIRLSVVHRLDGPTSLLRVITANIYLLLPPMVNPIVYGAKTKEIHSQGLHTFLQDGRZ	uc010qyk.2_orcOrc1_1_1
uc010qyk.2	OR51D1	triMan1	Stops1	Exon1	PositionsAA[103]	PositionsNT[309]	MZKPQLLFPVMATPNGTLVHPAYFLLVGIPGLGPNIHFWLAFPLCFMYALASLGNLAVFLIIRLERRLHEPMYLFLAMLSTIDLVLSSVSMHKMASLFLIGIQZTEFNVCLAQMFLIHALSAMESAVLLAMAFDHFVAICHPLGHASVLTGPTGAKTGLAALTRGFVFFFPLPFILKRLSYCRTHTVTRSFCLPQDIMKLSCTDTTVNVVYGLFIILSVMGVDSLFTGFSYILILRSVLVRSSEGAAFKAFNTCISHLCAVLVFYVPLIVLSVVHRLGGPTSLLHVVMANVYLLLPPVVNPIVYGAKTKEVHSRVCHMFSQDGRZ	uc010qyk.2_triMan1_1_1
uc010qyk.2	OR51D1	turTru2	Stops1	Exon1	PositionsAA[157]	PositionsNT[471]	MQKPZFLIPAMATPNGTLVYPACFLLVGIPGLGPNVHFWLVFPLC-----ATLGNLAIVLIIRVERCLHEPMYLFLAVLSSFDLVLSSITMPKMASLFLT-----EFNVCLAQLFLIRALSA-ESAVLLAMAFDHVVAICHPLRHASVLPGPTVTKIZLAALTRGFVFFFPLPFILKQLSYCQTHTVTHSFCLPQDIMKLSCTETTVSVVYRLFIILAVMDVDSLFPGFSCILILRAVLELSSRGAALKAFNTCISHLCAVLVFYVPLIRLSVVHRLGGPTSLLRVITANIYLLLPPMVNPIVYGAKTKEIHSQGLHTFLQDGRZ	uc010qyk.2_turTru2_1_1
uc010qzd.2	OR51Q1	equCab2	Stops3	Exon1	PositionsAA[58,98,194]	PositionsNT[174,294,582]	MSELTNTTQDHFYFILTGIPAFEASHSWTSIPFYCFYTISVTGTTTILTVICTEPSLHZSMYLFLSMLALTDLGLNLTTLPIVLQVLWFNAG-ISFEAZFSQVFFTHTFTFMESSVLLAVSSDHYVAVC-PIPYVPILTNEVIGRIGFDIICCCGLAVPPSLFLLKCLPFCCSHLLSHSYCLHQNMIHLMCADIZVNSWYGFALVLLIIVMHHLLVVLFYAMILRHALGLASVVGRLHSFNNCLSHIQSVLVLYVPMVGVSMTLPFARYASP---IIMANIYLLATPVM-LIIYSVRTKQIHQGIIHLLSQRNMHLRZ	uc010qzd.2_equCab2_1_1
uc010qzd.2	OR51Q1	odoRosDiv1	Stops1	Exon1	PositionsAA[219]	PositionsNT[657]	MFLVTNSIQVPFLFILMDILGFEVFHTWISIPFCCLYTVSIMGNITILAVIRTEPSLHEPMYLFLSMLALTDLGLTLTTLPTVMGVLWFGASEISFEACFPQFFFLHGFSFMESSVLLVMSFDHYVAICHPLHYVSILTNQVISRRGVAIICLCVLAVLPTLFLLKRLPFCGSHHLSHSYCLHQDVIHLVCADTTVNNWYGSVLAWVIITLDPLFIVFSZALILRSVLRISSWVERLWA--NCLSHILAVLVLYVSMVGLSMTHCFAKHAPPIVHVILANIYLLAPPVMNPIIYSVKTKQTHZGIFHLLCHRQLQZ--	uc010qzd.2_odoRosDiv1_1_1
uc010qzd.2	OR51Q1	otoGar3	Stops1	Exon1	PositionsAA[153]	PositionsNT[459]	--------------FLTGIPGLESQHGWLSIPFFTMYIVAIVGNTLIMAAVKTDPALHEPMYLFLSMLAITEVGVSVSTLPTVMGILWLDAQKVDFDGCLAQMFFIHTFSCMESGVLLAMSYDRFVAIYNPLRYTVILTLPRIICMGLGI--HZSVALPHSQS-LKQLPYCHINVLSHSYCLHSDLIQLPCADTKLN-CSGLAIVLSTFGLDSLLIVVSYVLILCTVLGIASGEGRWKALNTCVSHICAVLIYYVPMIGVSVMHRVAKHASPMVHTLMSSIYLFVPPVLNPIIYSVKTRPIQQGIINMFSYK------	uc010qzd.2_otoGar3_1_1
uc010qzd.2	OR51Q1	ponAbe2	Stops1	Exon1	PositionsAA[235]	PositionsNT[705]	MSQVTNTTQEGIYFILTGIPGFEASHIWISIPVCCLYTISIMGNTTILTVIRTEPSLHQPMYLFLSMLALTDLGLTLTTLPTVMQLLWFNVRRISSEACFAQFFFLHGFSFMESSVLLAMSFDRYVAICCPLHYASILTNEVISRIGLAIICRCVLAVLPSLFLLRRLPFCNSHLLSHSYCLHQDMIHLVCADIRLNSWYGFPLALRIIIMDPLLIVISYTLILKNILGTATWAEZLRALNNCLSHILAVLVLYIPMVGVSMTHRFAKHASPLVHVIMANMYLLAPPVMNPIIYSVQNKQIQRGMLHFLSLKNMHSRZ	uc010qzd.2_ponAbe2_1_1
uc010qzd.2	OR51Q1	triMan1	Stops2	Exon1	PositionsAA[166,199]	PositionsNT[498,597]	MSQITNTTQDLFYFILTGIPGFEASHTWISIPFCCFYIISIMGNTTILAVIHTEPSLHQPMYLFLSMLALTDVGLTLTTLPTVMQLLWFNAREISFEACFAQIFLIHTFSFMESSVLLAMSFDRYVAICLPLHYASILTSEVIGRTGLALLCRCVLAVLPSLFLLKZLPFCHSHLLSHSYCLHQDMIRLVCADIR-NSWZGFALVMLITVVDPLLIVLSYTMILESILGVASMVERFRAFNNCLSHILAVLILYVPMIGVSMTHCFTKHTSPMVHVIMANIYRLTPPVMNPIIYSVKTKQIRQAIMHFFSQRNRHPRZ	uc010qzd.2_triMan1_1_1
uc010rhz.2	OR4C13	vicPac2	Stops1	Exon1	PositionsAA[32]	PositionsNT[96]	TENRNHMTDFVLLGLTANSKMQRIVFAVFFVIZSITVVGNVLIVVSINASPSLGSPMYFSLAYLSFIDACYSSVNTPKPIIDSLHEKKTILFNGCMSQIFGEHLFGGAEGILLTAMAYDRYVAICRPLRYTAIMNRRVCWLPVGVAWAGGFLHATMQILFIAHLPFCGPNVIDHFMCDLNPLLNLACTDTHTLGLFVAANSGFICLLNFLLLMVSHVVILHSLRTHSLEARRKALSTCISHITVVVLFFVPCVFVYMRPAATLSMDKAAAVFYTIITPMLNPFIYTLRNAQMKNAIGKLCSSKAILGDKZ	uc010rhz.2_vicPac2_1_1
uc010ril.2	OR5D13	chrAsi1	Stops1	Exon1	PositionsAA[123]	PositionsNT[369]	------NZSFGATFILLGFSEFPDLQMALFMVFLIIYRVTVVANPGMIMLIRINPKLHTPMYFFLSHLTFVDFYYSSVVTPKLLENLVVEDRTISFTGCIMQFFLACIFVVTETLMLAVMAYNZFVAVCNLLLYTTAMSPDLCLLLVAASYSWSIVCPLTLTYLLLTSSFCGTNFINKFVCENATIVAVFCSDPYISQKIILVFATFNEISSLMISLTSYAFSFVTVLNMPSTGGHHKAFSTCASHLTSIK---GTI-FLYWEHNSKGSWLITQVASVF---VIPMLNHLIYSLRNKDVKETVRKLLNT----YS	uc010ril.2_chrAsi1_1_1
uc010ril.2	OR5D13	conCri1	Stops1	Exon1	PositionsAA[180]	PositionsNT[540]	MVLDERNQSSVTQFILLGFSEYPHLQAPLFLVFLAIYTVTVVGNLGIILVVRINPKLQTPMYFFLSHLSFLDICYSSVFTPKLLEILVVEDRYISFKGCMVQFFFICAFVITEMFMLAVMAYDRFVAVCNPLLYTVAMSRRLCALLVAGTYTWGGLCSLTITYSLLVQSYCGPNLINHFGZEYSAILSLFCSDPSFSQITCFII--FNETCSLLIILTSYVFIVVTIIKMPSTGGLRKAFSTCASHLTAITIFHGIILLLYCVPNSKSSWLFIKVATVFFTVMIPMLNPLLYSLRNKDVKETVKKWZASKFPRDY	uc010ril.2_conCri1_1_1
uc010ril.2	OR5D13	lepWed1	Stops2	Exon1	PositionsAA[133,142]	PositionsNT[399,426]	MTLSEGNZSIIPTFILLAFSGYPALQ-PLFLVFSSIYLVTTVGNVAMIIIIKINPKLHMIMYFFLSHLSFVDFCFSTVVIPKLLKNLIVEDRTISLSSCLMQFCFACIFGVTETFMLAAKAYDRFVAVSNPLLZTTAMSQKLZAFLLAGSYSRGIVCSLTFICFLLALSYSEFSIINNFIYDHYVIVSVSCSDPYISQMLRFIIAIFNEVSSLMIILMSYILIFITVRRMPSASGRRKTFSTCVSHLTAITIFHGTVFFLYCILNPKMSWLIVEVSSVFYTVVIPMLNPLSYSLRNKDVKDTFRRLVVAKLLCHS	uc010ril.2_lepWed1_1_1
uc010ril.2	OR5D13	musFur1	Stops1	Exon1	PositionsAA[194]	PositionsNT[582]	MMZSEGNQSLIPTFILLGFSEYPALQVLLFLVFLSIYMVTTVRNLGMIIIIKINPNLHRNMCFFLSHLSFVDFGFSTVVIPTLLENLIVEDRTISFFGCIRQFCFTCISGVTETLKLAVMAYDRFVA-CNPLLYNTTVSQKLCALLVAGSYLWGIVCSLTLTYFLLALSCCESSIINNFICDLSVIVSASCSDPZISQMLCFIIAIFNEVSGLMIILMSYILIF-TVMRMSSTSERWKTFSTSASYLTAITIFHNTFLFLYSIPNPKKSWLI--VASVFYTVVIPMLNPLIYSLRTKDMKDIFRRSVVAKLLCHS	uc010ril.2_musFur1_1_1
uc010ril.2	OR5D13	nomLeu3	Stops1	Exon1	PositionsAA[121]	PositionsNT[363]	MMASERNRSSTPTFILLGFSEYSEIQVPLFLVFLFVYTATVVGNLGMIIIIRLNSKLHTIMYFFLSHLSLVDFCFSTVVTPKLLENLVVEDRTISFSDCIMQFCFACIFGVTETFMLAAMAZDRFVAVCKPLLYTTIMSQKLCALLVAGSYTWGIVCSLILTYFLLDLSFCESTFINNFICDHSVIVSASYSDPYISQMLCFIIAIFNEVSSLIIILTSYMLIFITIMKMPSASGRQKTFSTCASHLTAITIFHGTILFLYCFPNPKTSSLIVKVASLFYTVAIPMLNPLIYSLRNKDVKNMFEKLVVTKLIYHZ	uc010ril.2_nomLeu3_1_1
uc010ril.2	OR5D13	odoRosDiv1	Stops1	Exon1	PositionsAA[142]	PositionsNT[426]	MTLSKGNRSIIPTFILLGFSEYPALQILLFLVFLSIYMVTTVGNLAMIIIIKINPKLQMIMYFFLSHLSFIDFCFSTVVTPKLLENLIVEDRTISLSGCLMQFCFACIFGVTETFMLAAKAYDRFVAVCNPLLYTTAMSQKLZAFLVAGSYSWSIVCSLTLTYFLLALSDCESSIINNFICDHYVIVSVFCSDPYISQLLCFIIAIFNEVSSLMIILMSYILNFITVRRMPSASGYWKTFSTSAFHLRAITIFHGTVFFFYCIPKPKMSWLIVKVSSVFYTVVIPMLNPLSYSLRNKDVKDTFRRLVV---LCHS	uc010ril.2_odoRosDiv1_1_1
uc010ril.2	OR5D13	otoGar3	Stops1	Exon1	PositionsAA[171]	PositionsNT[513]	IMLSEGNKNSTPIYILLGFSEYPEIQVLLFLLFLAIYTVMVVGNLGL---IKINPKLHTIMCFILSHLSFIDFCYSTVVTPKLLENLVVEDRTISLSGCILQFCFACIFGVTETFMLAVMAYDCFVAVCNPLLYTTALS------LVSGLYTWGIVCSLTLTYFLLEQPYCZSSIRDNFICDHSVIVFMS-CDPSLSQMLRFAVAIFNETSSLMIILGSYVLIFTAVMKIPSPSGHSKTFSTCASHLAAITIFH-TILFLYCVPNPKTSRLVVEVASVLYTIMTPMSNPLIYSLRNKDVKDTFGKLVPTKSLCHS	uc010ril.2_otoGar3_1_1
uc010ril.2	OR5D13	oviAri3	Stops1	Exon1	PositionsAA[128]	PositionsNT[384]	MLLSEGNQSIIPTLILLVFSE-PELWVPLFLVFLSIYTVTVVGNLGMIIITKVNSKLHTIMYFFLSHLSFVDFCFSTVVTPKLFENLIVEDRTNSFSDCIVQFCFACLFGVADTFMLAAMCYDHIVAVZNPLLYTSAMCPKWCALLMAGSYSCGVVCSMTLTYFLFALSYCKSSTINNSIGDHSVIVSVFCSDPCISQMLCFIITIFNEVSSLVIILMFYIFIFITVMRMLSASEHWKTFSTSASHLTAISIFHGTILFLYCIPNPKTSWLTIKLTSVFYTIAIPILNPLTNSLRNKAVTNTFTRLVFSKPLCHS	uc010ril.2_oviAri3_1_1
uc010ril.2	OR5D13	panHod1	Stops2	Exon1	PositionsAA[128,236]	PositionsNT[384,708]	MLLSEGNHSIISTLILLVFSEYPELWVPLFLVFLSIYPVTVVGSLGMIIITKVNSKLHTITYFFLSHLSFVDFCFSTVVTPKLFENLIVEDRTNSFSDCIVQFCFACLFGVAETFMLAAMSYDHIVAVZNPLLYTSVMCPKCCALLVAGSYSCGVVCSMTLTYFLFALSYCKSSTISNFICDHSVIV-VFCSDPYISQMLCFIIAIFNEASSLVIILMFYIFIFITVIRMLSPSEHZKIFSTCASHLTAISIFHGTILFLYCIPNPKNSWLTVKATSVFYTVAIPILNPLTYSLRNKAVTNTFTRLVFTKPLCHS	uc010ril.2_panHod1_1_1
uc010rks.2	OR5AN1	cavPor3	Stops4	Exon1	PositionsAA[41,69,196,252]	PositionsNT[123,207,588,756]	MITGGNI----QFILLGFSDFPRITALLFVTFLLLYIAGLTZNLSLLMLISLDSHLHTPMYSFVSNLPSZCLCYVSSMVPKTLSNFFQKQQTITFLGCVFQYFIFSTTGLSESYLMTTMAYDQYAAIYNPLLNSSIMSPTLYVQMVLESYMARLTGSLVQRWALIQLHFCDPNVIKHV--DMPQLLTLSCTDTCFVZVLISIL-MIFRMANVLNIMISYGYVIMSIVK-TLATGRSKAFNACVSHLAVVSLFZTLGIFVYSSSRSGGSSSINRFASVSHTVVIPMLNPLIYSLRSKEIKDAFQRLKKLLCCZ	uc010rks.2_cavPor3_1_1
uc010rks.2	OR5AN1	eleEdw1	Stops1	Exon1	PositionsAA[141]	PositionsNT[423]	MTGEGNLTQITHFILLGFSDFPRFAAVLFAVFLVIYITTLTWNLGLIILIRMASHLHTPIYFFLSNLSFIDICYVTSTVPKMLSNFFQEQKLITSVCCIVQNFIFSTMGLSES-LMTAMAYDRCAAICNPLVYSSIMSPTLZVQTVLGAYMAGLSASVFQLCALLQLHFCGPNVIQHFFCDMPQLLTLYCSSTFFIQVMTAILTMISGIANVTVIMISYCYIITSIMKITLVKGRAKAFNTCASHLTAVSLFYTSSIFVYLSSSSGQSSNFDRFASVFYTMVIPMLNPLIYSLRNKEIKDALRRLKKGGYCZ	uc010rks.2_eleEdw1_1_1
uc010rks.2	OR5AN1	eptFus1	Stops2	Exon1	PositionsAA[122,133]	PositionsNT[366,399]	MICGRNITEITHFILLRFSDFPRIIAGLYVVFLLMYIMTLTWSLSLIILIRINPHLQTPIYFFLSNL-FIDICYVTSIAPKMLSNFFQEQETIIFVGCAVQYFVFSTMKVSESCLMTAMAYDZYAAIHNPFLYZSIMLPTLYVWIVLGSYLAGLSVSISQMCAIHQLHF-GLNVIHHFFCDIFQLVVLSCTDTFFVQLMMAILTLIFGKINAL------VYIVFSIMKITLAKGRSKAFTTCAFHLMAVTLFYTSGVFVYLSSSSGVSSRFNRFTLIFYTVVIPILNPLIY-LRNKEIKDSLKRLKKRGYYZ	uc010rks.2_eptFus1_1_1
uc010rks.2	OR5AN1	myoLuc2	Stops1	Exon1	PositionsAA[143]	PositionsNT[429]	MICGRSITEITHFILLGLSDFPRIIAGLCVVFLLIYIMSLTWNLSLIILIRINSHLQMPIYFFLSNL-FIDICYVTSTAPKLLSNFFQEQQTIIFVGCAVQYFVSSTMEVSESCVMTAMAYDGYAAICNPLLYSSIMLPTHYVZIVLGSYLAGLSVSISQLCAILQLHFYGPNVIHHFFCDIFQLVVLPCTETFFVQLMMAILTLIFGIIHALVIMTSFVYIVCSIMKITLAKDRSKAFTTC---------FYTSGMFAYLSFSSGVSSRFNRFALVFYSVVIPTLNPLIY-LRNKEIKDSLKSLKKRGYYZ	uc010rks.2_myoLuc2_1_1
uc010rks.2	OR5AN1	rn5	Stops1	Exon1	PositionsAA[290]	PositionsNT[870]	MIAKGNSTE-TQFILLGFTDLPRIVILFLVSFLLIYITTLTWNLSIIVLIRMDSHLHTPMY-FLCNLSIRDLCYVTCTVPKMLSNFFQEKQTLSFVGCIVQNFIFSIMELSLSCLMAAIAYDRYAAICNPLLYASIMS-TLCILMVLPCYLSGFTASLLQLFALLHLHFCGNNVIKHFFCDIPQLLVLSCTDTFFVQVLTAILTMIFGFVNVLVIML---YIVLSILKITSAKGRTKASNTCASHLTAVSLFYTSSIFVYLSSSSGGSSSFDRIVSVFYTAMIPMLNPLLZSPRNREIKGAVKRLKKTTRRZ	uc010rks.2_rn5_1_1
uc010rks.2	OR5AN1	saiBol1	Stops1	Exon1	PositionsAA[165]	PositionsNT[495]	MTGGGNITGITHFILLGSSDFPRIISVFFIIFLVIYITSLAWNLSLIFIIRMDSHLHTPMHFFLSNLSFIDVCYVSSTIPKVLSNFLQEQQTVTFTGCIIQYFTFSITGLSESCLMMAMAYDRYSAICKPLLYSSIMSPTLCVQMVLGAYVAGLTASLSQIRALLZLH-CGSNVI--FFCDMPQLLILSCTDTFFVQVMTAILTMFFGIASALVIVISYGYIGISIMKITSAKGRSKSFNTCASHLTAVSLFYTSGLFVYLSSSSGGSSSFDRFASVFYTVIIPMLNPWIYSLRNKEIKDAFKRLQKRRCCZ	uc010rks.2_saiBol1_1_1
uc010rks.2	OR5AN1	triMan1	Stops1	Exon1	PositionsAA[122]	PositionsNT[366]	MTGRGNLTEITQFILLGFSDFPRITIVLFAIFLVIYITTLTWN-GLIILIKIDYHLHTPMYFFLSNLSFIDIYYVTSTVPKMLSDFFQEQKTITFMGCIVQNFIFSTMGLSESCLVTAMAYDZYAAICNPLVYSTIMSPTLCVQMVLGAYMAGLSVSLSQLCALLQLHFCGPNVINHFFCDMPQLLILSCFDIFFVQVMTAILTMILGIANVLVIMLSYCCIIISIMKITSPKGRSKAFNTCASHLTAVSLFYTSSIFVYLSSSSGGSSSFDRFASVFYTMMIPM-NPLIYSLRDKEIKDALKRLKKRGYCZ	uc010rks.2_triMan1_1_1
uc010rzy.2	OR6X1	dasNov3	Stops1	Exon1	PositionsAA[47]	PositionsNT[141]	MRNGSAITEFILLGFPDIQGLQLPLFIVIFLIYILTLAGNGLILAIVZAEPRLQIPMYFFLCNLSFLEIWYTTTVIPKLLETFVVTRAVICISCCLLQAFFHFFLGTTEFFILTVMSFDRYLAICKPLRYPTIMTNNLCLQLALSSWLISFAIVFCQMLLLIQLSFCGNNVINHFYCDVGPILKAACADTSLLELLGLLATILVIPGSLLFTMISYIYILSTILQIPSATGRQKAFSTCASHLTVVSLLYGAVLFMYLRPTTHSSFKINKVVSVLNTIFTPLLNPFIYTIRNKEVKGALRKVMAFPKSHHQEZ	uc010rzy.2_dasNov3_1_1
uc010rzy.2	OR6X1	hetGla2	Stops1	Exon1	PositionsAA[256]	PositionsNT[768]	MRNGTAITELILLGFPGSQGFQAPLFIVIFLIYMLTLVGNGLIIIIVWVEPRLQIPMYFFLYNLAFLEVWYTTTVIPKLMETFVVAKTVIGIPCCLLQAFFHFFLGTTEFLILTVMSFDRYLAICKPLHYPSIMTSNLCLQLALSSWVLGIIIVFCQTALLIQLPFCGNNVINHFYCDVGPILKAACADTSILELLGLLATILVIPESLLFTIISYIYIVSTILRIPSYTGCQKAFSTCASHLMVVSLLYGAVLFMZLKPTAHSSFKMNKVVSVLNTILTPLLNPFIYTIRNKEVKGALKQGIISPKTGNVKZ	uc010rzy.2_hetGla2_1_1
uc010rzy.2	OR6X1	jacJac1	Stops1	Exon1	PositionsAA[47]	PositionsNT[141]	MKNGTAITEFITZGFLGMQGLQGPLFIAILLIYILTLAGNGLTLVTVZVEPILQIPM------------------------------------------------------------------------------------------------------------------------------------------------------------ISYIYILSTILQIPSATGCQKAFSTSTSHLTVVSLLYGAVLFMYPRPTAHSSFKINKVVSVLNTILTPLLNPFIYTIRNKEVKGALRKAMTCPKTFHTWZ	uc010rzy.2_jacJac1_1_1
uc010rzy.2	OR6X1	lepWed1	Stops1	Exon1	PositionsAA[140]	PositionsNT[420]	MRTGMTITEFILLGFPDIQGLQIPLFIVIFFIYILTLA-NGLIIAIVRAEPKLQ-PMYFFLCNLSFLEIWYTTTVIPKPLETFVVARTAICIPCCLLQAFFHFFLGTTEFFILTIMSFDRYLAICKPLHYPTIMTSNLCLZLALSSWVVGFTIVFGQMLLLIQVPFCGNNVINHFYCDVGPILKAACADTSILELL--------IPGSLLFTMISYIYILSTILQIPSATGRQKTFSTCASHLTVVSLLYGAILFMYLRPTTHSSFKINKVVSVLNTILTPLLNPFIYTIRNKKVKAALRKAMACPKTHRPQZ	uc010rzy.2_lepWed1_1_1
uc010rzy.2	OR6X1	odoRosDiv1	Stops2	Exon1	PositionsAA[69,124]	PositionsNT[207,372]	MRNGMTITEFILLGFPDI-GLQIPLFIVLFFIYILTLAGNGLIIAIVWAEPKLQIPMYFFLCNLSFLEIZGMTTVIPKLLETFVVARTA---PCCLLQAFFHFFLGTTEFFILTIMSFDHYLAIZKPLRYPTIMTSNLCLQLALSSCVVGFTIVFGQMLLLIQVPFCGKNVINHFYCDVGPILKAACADTSILELLGLLVTVLVIPGSLLFTMISYIYILSTILQIPSATGRQKTFSTCASHLTVVSLLYGAVLFMYLRPTTHSSFKINKVVSVLNTILTPLLNPFIYTIRNNKVKAALWKAMACPKTHHPQZ	uc010rzy.2_odoRosDiv1_1_1
uc010rzy.2	OR6X1	orcOrc1	Stops2	Exon1	PositionsAA[53,83]	PositionsNT[159,249]	VGNCLTVTEFTLTAFPALLELRISLFVALLLAYTLTAMENIIIISLIWTDNRLZTPMYFFLSNLSFLDILYTTVVTPKLLAASZERRK---VLCWLPQTYFSFFLGTVEFILLALMSFDCYGAICNPLRYTIILNSRACLLMILGCWLGAFLP----LVPTIK-LLYCSKEINHF-CDIAPLLQVACIDTRLTEKVNFLLSALVILSSLAFTTGSYVYIISAILHIPSAQGRPKAFSTCASHITIVSIAYGSNIFVYVRLSQNHSLDFDKVATVLITVVTPLLNPFIYSLRNEKVKDVLREAM----------	uc010rzy.2_orcOrc1_1_1
uc010rzy.2	OR6X1	pteAle1	Stops1	Exon1	PositionsAA[146]	PositionsNT[438]	MRNGMAITEFIILGFPGIQRVQIPLFTVIFFIYITTLAGNGLIIA---SEPRLQIPVYFFLCHLSFLETWYTTAVIPKLLESFVVAKTAICI------TLFHYFLGTTELFILTVMSFDHD-AICQPLHYPTIMTTNLCLKLAFSSZVVGFTIVFCLMMLLIQLPFSGNYVISYVYCDVGPILKTTCADTSILEFLGLLATILV-------------------------------------------------------------------------------------------------------------	uc010rzy.2_pteAle1_1_1
uc010rzy.2	OR6X1	pteVam1	Stops1	Exon1	PositionsAA[146]	PositionsNT[438]	MRNGMAITEFIILGFPGIQGVQIPLFTVIFFIYITTPAGNGLTIA---SEPRLQIPVYFFLCHLSFLETWYTTAVIPKLLESFVVAKTAICI------ALFHYFLGSTELFILTVMSFDHDLAICQPLHYPTIMTSNLCLKLAFSSZVVGFTIVFCLMLLLIQLPFSGNYVISYVYCDVGPILKTTCADTSILEFLGLLATILVIPGSLFFTMISYVYILSIILRIPSATGHQKAFSTCASHLTVVSLFHEAILLMYMRPIAHSSFKIN------XTILIPLLNPFIYPLRNMEVKGALKKTMAFPKNRHAEZ	uc010rzy.2_pteVam1_1_1
uc010rzy.2	OR6X1	tupChi1	Stops1	Exon1	PositionsAA[69]	PositionsNT[207]	MRNGTAITEFILIGFPGIQGLQTPLFILIFLIYILTLSGNGLIIAIIWAEPRLQIPMYFFLCNLSFLEIZYTPMVIPKLLETFMVTRTVTCTRCCLLQSFFHFFLGTTEFLILAVMSFDRSLAICKPLCYPTIMTSNLCLQLALGSWVAGFAIILFQMLLLVQLPFCGDNV-DHFYCDVGPILKAACADASILELLGVLATVLVIPGSLLFTAISYGYILSTILRIPSATGHQKAFSTCASHLTVVSLLYGAVPFMYLRPTARSSFKINK--SVLNTILTPLLNPFIYTIRNQKVRGALRKAMSCPTTRHTRE	uc010rzy.2_tupChi1_1_1
uc010saa.2	OR8D4	jacJac1	Stops4	Exon1	PositionsAA[63,166,170,285]	PositionsNT[189,498,510,855]	KGMSNYSTAIMFLLLGLTEQPELQRVLFCLFLGIYLVTVAGNVRMIAVIKMSSQLHTPMCYFLZSLYFIDVCYSSVISPKMLAGFVCRDKVISH---MAQ--FFCLFVIYERYMLAAMTYDCCVAICSPVLYSVIMSPRVCSLLMATVFSAGFMDAIINGGCILRLZFCEZNMIKHYFCDLIPLTNLSCSS-YIDGLLIFVIGRLNMAAT-MTITIS-SLVLISILRIHSTESRSKAFSTCSSHLTAVLIFCGSIMSMYLKPASSASIVHEKVTSVFHNTVIPTLZPLIYSLRNRDVKTALMRLLRRKVS---ZQ	uc010saa.2_jacJac1_1_1
uc010saa.2	OR8D4	odoRosDiv1	Stops2	Exon1	PositionsAA[21,217]	PositionsNT[63,651]	MGIRNHSTVTGFLLSGLTNQPZLQLPLFCLFLGIYAVTVVGNLGMISIIGLSSQLHT---HFLSSLSFLDVCYSSVITPRMLAGFLPSDKKISFSGCVTQLFFFCIFVISKCYILAAMAYD---ALCSPLLYHVIMSPRACSLLVAAGFSVGLTDAMIHGGCILRLTFCGSNVIKYYFCDIIPLIQLSCSSTYIDELLTFVIGGFNMVATSLTIIISZGFILSSILHIHSAQGRSKAFSTCSSHLTAVLIFYGTLMSMYLKPASSSSLIQEKVSSVFYTIMIPMLNPLIYSLRNKEVKNALMKLLKRKIS---FZ	uc010saa.2_odoRosDiv1_1_1
uc010spq.2	OR10P1	orcOrc1	Stops1	Exon1	PositionsAA[235]	PositionsNT[705]	-----------------------------GVLLVYRVTLLGNSLI-LLTLADAALHSPMHFFLRHFSVAGLLYTKTIVPRMLADLLSSG--TIPPTGCFTQL--FSLPVIAER-LLTAMASDRYAAVCRQLHHSTLMGPGVCVRMVGTSYHMGIITGTT---SIFTLPFPG-NTIHHFLCDILPVLRLAS--EHRGE-WAILPTIAFILTPFSLTVASYARILSIILGVATSQGRZRIFSTCSSHLLAIMLFFGTGTVAYMRPWAGSSQDGDQILALFYTAVTPMFNPLVYTLRNKEV-GAMRQLVKRYVPZP-	uc010spq.2_orcOrc1_1_1
uc010spq.2	OR10P1	triMan1	Stops1	Exon1	PositionsAA[149]	PositionsNT[447]	VVMAQZ---TEFVLLGFSGFESLQVPLFCGVLCIYLVTLLGNSLIILLTLADPTLHSLMYFFLRHFSMVEILYTTTIVPRMLVDLLSSCP-TIPPASCFTQLYFFALFGIAECCLLTVMAYDRYAAICWPLHYTTLMNRGACVSMVGTSZLMSINTGTTHSICIFTLPFYGANTIHHFLCDILPVLRLASASTFWGEVGNLAVTIAFIVTPFLLIMASYACI---ITT---SQGRQKIFPTCSSHLFVVMLFFGTGTVTYRRPWSDASQDMEQILAFFYTVVTPMFNPFVHTLRNKEVTGAMRRLVKR------	uc010spq.2_triMan1_1_1
uc010spq.2	OR10P1	turTru2	Stops2	Exon1	PositionsAA[235,272]	PositionsNT[705,816]	-------------------------------------------------------------------------------------------------------------------------------------------GVCVRMVGTSYHMGIITGTTHS---------------------------AS--EHRGE-WAILPTIAFILTPFSLTVASYACILSIILGVATSQGRZRIFSTCSSHLLAIMFFFGMGTVAYMRPWAGSSQDGDZILAVFYTAVTPMFNPLVYTLRNKEV-GAMRQLVKRYVPZP-	uc010spq.2_turTru2_1_1
uc010tky.2	OR4K14	dasNov3	Stops1	Exon1	PositionsAA[179]	PositionsNT[537]	MDLQNYSLVSEFVLHGLCNSWYLQIFFFIFFSGIYLAIALGNLLIVVIVISDSHLHSSPMYFLLGNLSFFAMWLASFATPKIMRDFLSVRKLMSFGGCMTQ--FLHFIGGAEMVLLVSMAYDRYVAICKPLHYMTVMSRRTCIGLVLISWTIRFVHSISQVVFTVNLPYCGPNEVDSFFZDLSLVIKLACMDTYVLGILMI-DSGLLSMSCFLLLMISYTVILVTVQQHGAGGISKALSACSAHIMVVTLFFGPCIFIYVWPFSRFSIDKVLSVFYTIFTPHLN----TLRNEEMKAAMKKSWNQHMTFHZ	uc010tky.2_dasNov3_1_1
uc010tky.2	OR4K14	odoRosDiv1	Stops1	Exon1	PositionsAA[139]	PositionsNT[417]	MELQNYSLVSEFVLYGLCTSQHLQHFFFIFFSGIYVATMLGNLIIVVTVISEPHLPSFPMYFLLGNLSFLDIWLALFATPKMIRDFLSDRKLISFGGCMAQIFFLHFIGVAEMVLLVSMAYDRYVAICKPLHYMTMMSRZTCMGLVFVSWVTGFVHSISQVAFTVNLTYCGLNGVDSFFCDLPLVIKLACMDTYVLGILMISDSGLLFLSCFLLLLVSY-VILITVQQRAAGGVSEALSTCSALIMVVTLFFGPCIFIYVWPFSQFSVDQLLSVFYTIFTPLLNPLIYTLRNKEMKTAMKKLCNQHVTSHZ	uc010tky.2_odoRosDiv1_1_1
uc010tky.2	OR4K14	panTro4	Stops1	Exon1	PositionsAA[240]	PositionsNT[720]	MDPQNYSLVSEFVLHGLCTSRHLQNFFFIFFFGIDVAIMLGNLLILVTVISDPCLHSSPMYFLLGNLAFLDMWLASFATPKMIRDFLSDQKLISFGGCMAQIFFLHFTGGAEMVLLVSMAYDRYVAICKPLHYMTLMSWQTCIRLVLASWVVGFVHSISQVAFTVNLPYCGPSEVDSFFCDLPLVIKLACMDTYVLGIIMISDSGLLSLSCFLLLLISYTVILLTIRQRAAGSTSKALSTZSAHIMVVTLFFGPCIFIYVQPFSRFSVDKLLSVFYTIFTPLLNPIIYTLRNEEMKAAMEKLQNRRVNFQZ	uc010tky.2_panTro4_1_1
uc010tky.2	OR4K14	triMan1	Stops3	Exon1	PositionsAA[20,97,258]	PositionsNT[60,291,774]	MDLQNYSLVSEFVLHGLCTSZHLQIFFFIFLSGLYVAIVLGNLFIVVTVISNPRLHSSPLYFLLGNLSFLDMCLASFSTPKMIRDFLSDQKLISFGRZMAQIFFLHFIGGAEMVLLVSMAYDRHVAICKPLHYVTVMSWRTCIGLVLVSWATGFVHSISQTGFTVNLPYCGPNEVDSFFCDLPVVIKVACMDTYVLGILTISNSGLLPMSCFLLLLISYTIILITIRQHATGGVSKALSSCSTHIMVITLFFGPCI--ZLWPVSSFSVDKLLSVYYTIFTPFLNPLIYTLRNEEMRAAMKKLWNRHMTFHZ	uc010tky.2_triMan1_1_1
uc010uwv.2	OR1F2P	lepWed1	Stops1	Exon1	PositionsAA[130]	PositionsNT[390]	MYLATVLGNLLILLVIGVDSRLHIPMYFFLSNLSFVDICFSTTVPKMLANYILGTQTISFSGCLTQMYFVFMFVDMDNFLLAVMAYDRFVAICAPLHYSTKMTHQLCALLVAGSWVIANLNVLLHTLLMAZLSFCADNAIPHFFCDVTPLLKLSCSDTHLNEMMILFEAGLIMIAPFICILASYVRITSAVLRVLSTKGKWKAFST-GSHLAMVSLFYGTIIAVYFNPLSLHLAETDIAAAMMFTVMTPMLNPFIYSLRNKDIK-ALGKVVAM-IFSTS	uc010uwv.2_lepWed1_1_1
uc010uwv.2	OR1F2P	orcOrc1	Stops1	Exon1	PositionsAA[130]	PositionsNT[390]	MZLATVLGNLLILLAISTDSHLHIPMSFFLCNLSFVDICFSTTVPKMLANHILRKQTIPFSRCLTQMYFVFTFMDMDNFLLAVMAYDHFVAVCHPLHYYTKMTHQLCALLVTGSWVIANLDMLLHTLLMAZLSFCADNAIPHFFCDVTTLLKLSCSDTHLSEVMILNEARPVMSTPFVCILVSYILINCAVLRVQSTKGRWKTFSTCGSHLAMVFLFYGTMIFLYFNPLSSHSAEIDIAAAAMLSMVTPMLNPFIYSLRNQDIKEALGKVVAI--FSTQ	uc010uwv.2_orcOrc1_1_1
uc010uwv.2	OR1F2P	rn5	Stops1	Exon1	PositionsAA[87]	PositionsNT[261]	IYLATVLGNLLIILVISTDSRLHTPMYFFIMILSFTDVCFSTTVPKVLANHMLRSQTISFSGCLTQLYFLCVFADMDNFLLAVMAYDZFVAICHPLHYTTKMTNKFCVLLIVGSWVLTNLNALLHILLMARLSFCGDNIIPHFFCDATPLLKLSCSDTHLNDLMILTEGTMIVVTPFFCILISYIHITCAVLRVSSPRGGWKAFSTCVSHLAVVCLFYSTIISLYFNPSSSYFAGKDMAAAMMYTVVTPMVNPFIYSLTNRDMKGALRKVFTL-STS-Q	uc010uwv.2_rn5_1_1
uc010uwv.2	OR1F2P	saiBol1	Stops1	Exon1	PositionsAA[119]	PositionsNT[357]	MYLAMVLGNLLIILAVSTDSCLHTLMYFFLSNLSFVDICFSTTVPKMLTN-ILGTQTISSSGCLTQIYFLIELADLDNFLLAVMAYDRFVTVCHPLHYTAKMTHQLCALLAAGSWVIANZNYLLHTLLMAELSFCAD--IPHIFCDVTPLLKLSCS-------MILTEAALVIITPFLCILASYMHNMCIVLKVPSTKGQRKAFSTCGSHLAVV-LFYGTI--LYFNPSSFYSAQKDIAAAVTFTLVTPML-PFIYSLRNKDIKGALGKVVPVNFFSVQ	uc010uwv.2_saiBol1_1_1
uc010uwv.2	OR1F2P	turTru2	Stops1	Exon1	PositionsAA[130]	PositionsNT[390]	MZLATVLGNLLILLAISTDSHLHIPMSFFLCNLSFVDICFSTTVPKMLANHILRKQTIPFSRCLAQMYFVFTFMDMDNFLLAVMAYDHFVAVCHPLHYYAKMTHQLCALLVTGSWVIANLDMLLHTLLMAZLSFCADNAIPHFFCDVTTLLKLSCSDTHLSEVMILIEARPVMSTPFVCILVSYILINCAVLRVQSTKGRWKTFSTCGSHLAMVFLFYGTMIFLYFNPLSSHSAEIDIAAAVMLSMVTPMLNPFIYSLRNQDIKEALGKVVAI--FSTQ	uc010uwv.2_turTru2_1_1
uc011caw.1	ENAM	oryAfe1	Stops1	Exon6	PositionsAA[16]	PositionsNT[48]	AFPLFAGGLFPYQQPPZQVPQ	uc011caw.1_oryAfe1_6_8
uc011cbo.2	C4orf26	ailMel1	Stops1	Exon3	PositionsAA[35]	PositionsNT[105]	DRKREPPLLEAYKKMEVLQTARSLHSPLHPPGGTQZRGSSSSQGHLNVLFILFHQDLESTLGFHTDLSFLTSATTGFHFVHFFGHPVPLLINIFPGEDSGEEAHLRKADKKEKPKYAG-KRSQCL-RRLZTDFCFLLPNS	uc011cbo.2_ailMel1_3_3
uc011cbo.2	C4orf26	bosTau7	Stops1	Exon2	PositionsAA[7]	PositionsNT[21]	AMSSLISZSC-----	uc011cbo.2_bosTau7_2_3
uc011cbo.2	C4orf26	bosTau7	Stops2	Exon3	PositionsAA[23,35]	PositionsNT[69,105]	D-KKWSRLLETHKIMQTLQTARSZHSPLPLPQGTQZLGSSPSPGHPGVPSIFSRDGSESTLGFHTGLILLQRGTTIFNSIHIFVHTVAFLTITSPGEDSGEEVPLRKAEKREKPKCAE-KRSQGL-KRLEKDLCFQ-FNZ	uc011cbo.2_bosTau7_3_3
uc011cbo.2	C4orf26	calJac3	Stops1	Exon3	PositionsAA[35]	PositionsNT[105]	DKKRYLPLLETQKIMQTIPTARSLHSPLPPSRGVQZQGPSPSQRHPGVPSFFFHEGPESIFGFQTDLSSLQGVTTVFRSGHFIGHAVALLVDISSEEDSREEAHLRKSEREEKPKHTEAKKSQSF-KKQQK-----FPNZ	uc011cbo.2_calJac3_3_3
uc011cbo.2	C4orf26	camFer1	Stops1	Exon3	PositionsAA[35]	PositionsNT[105]	DKKGWSPLLETHNIMQTLQTARSLHSPLPPPQGSQZRGSSPSQGHPGVPCIFFRDAPESTLGFHTDLSTLRRATTVFRSTHFFGHTGAFLIVISPGDHSGEEVPLRKAGRRERPKHTEAKRSQCL-EGZRKDFSFLFQNZ	uc011cbo.2_camFer1_3_3
uc011cbo.2	C4orf26	canFam3	Stops1	Exon3	PositionsAA[35]	PositionsNT[105]	DREREPPLLEAHKIMEVLQTAKSSHSPLHPPGGTRZQGSSSSQGHSSIPFIPFHKGLESTLGFQTDLSFLRSTTTYFSFVQVFGHMIALLINIFPNEGSGEEAHLRKAERKEKSKYAE-QRSQCL-R----DCCFLLPNZ	uc011cbo.2_canFam3_3_3
uc011cbo.2	C4orf26	capHir1	Stops1	Exon2	PositionsAA[8]	PositionsNT[24]	AMSSLISQZRGNLHM	uc011cbo.2_capHir1_2_3
uc011cbo.2	C4orf26	capHir1	Stops1	Exon3	PositionsAA[35]	PositionsNT[105]	DKKKWSLLLETHKIMQTLQTARSLHSPLPLPQGTQZQRSSPSPGHPGVPSIFSHGGPESTLGFHTGFTPLQSGTTIFNSIHIFVHTVAFLTIISPGEDSGEEVPRRKAEKREKPKCAE-KRSQGL-KRLEKVLCFQ-FNZ	uc011cbo.2_capHir1_3_3
uc011cbo.2	C4orf26	cavPor3	Stops1	Exon3	PositionsAA[35]	PositionsNT[105]	EQKAWLCLLEVHSSTLAPQTARSSRSHRHLPQGAWZPGPSQSRGHPDRPCSSSHSGLGSPPDSQADLSSLRTATATSWDSRGSGHAAAWLGGISGEHSSARKAHQRRLRR-EKPEL-E-RRRPGLZQGLGR--PHPSHSQ	uc011cbo.2_cavPor3_3_3
uc011cbo.2	C4orf26	cerSim1	Stops2	Exon3	PositionsAA[35,36]	PositionsNT[105,108]	DKKRWSPLLEAHKIMETLQTARSLHSPLHPSQGTRZZGSSPPQGHPNVHSGFFHEGPESTLGFQTDLSSLQDATAVFSFTHFFGHTIAFLINVSPEEISGVEAHLRKAERKDKLKHAE-KRGQCL-KRLZKDFCFLFPNZ	uc011cbo.2_cerSim1_3_3
uc011cbo.2	C4orf26	chiLan1	Stops2	Exon3	PositionsAA[35,88]	PositionsNT[105,264]	EQRGWLCLLEAHSTTPTLQTARSSRSPRHPPQGARZPGPGPAQGHPDSPWSSSHSGPGSPPGSQAHPSSLRTAAAASRGSRGSGHAAAZPGNVNWGQSCVGKARRKRLGR-VSPEP-G-RRRSGLZP-RGR--PCPPCSZ	uc011cbo.2_chiLan1_3_3
uc011cbo.2	C4orf26	chrAsi1	Stops1	Exon3	PositionsAA[35]	PositionsNT[105]	GK---SHPVEAHKTMGILLTARSLHLPLLLSQGIWZQTFSPSQGHPSVLSTFFHGSPESTSGSHTDISSFQSANTVSRNGQLFGHLVATLINISPEDISREEVHPRKTKRKKKSE--E-NRNQCH-EKIVKDFCYLFPNZ	uc011cbo.2_chrAsi1_3_3
uc011cbo.2	C4orf26	conCri1	Stops1	Exon3	PositionsAA[35]	PositionsNT[105]	DK--WLPLLEAHKIMQTTQIVKSLHSPLRQSQGNQZQGSSPSQGHPSVPSIFFQEGPESTFGFHTDLSILQSATTVFIFIHFLDHTNTFLIGISQEGKSREKAHLKKAERKEKPKHTE-KRIRCL-KRLZKDFCF--PDZ	uc011cbo.2_conCri1_3_3
uc011cbo.2	C4orf26	criGri1	Stops4	Exon3	PositionsAA[4,15,35,108]	PositionsNT[12,45,105,324]	DKM-ZSPLLVAHKIMZPLQTARSSHSPLRPPQGSRZQEPNPTQGYSPGRGFIFYEGPAST-GLLTDLCSFQTTTPASSSILSTCHKED-LGDTSSEASCRVEAHLRRAZRSEKPKHTE-------ZKRQZ---LFLTPKK	uc011cbo.2_criGri1_3_3
uc011cbo.2	C4orf26	dasNov3	Stops3	Exon3	PositionsAA[4,35,76]	PositionsNT[12,105,228]	DKRGZSPLLENHKTMWIPQTAKSSHLLLLPPQGIQZQRSSPSREHPNVQSTFFHEDTESTLGFHTEISSLQNAITVZNSNLLFYHPVTILINISPEENSREKVHLRKAERIRPRI--E-KRSZCN-TKQZKDLCFLFPNQ	uc011cbo.2_dasNov3_3_3
uc011cbo.2	C4orf26	echTel2	Stops1	Exon3	PositionsAA[35]	PositionsNT[105]	GKKESPPLPEAPTTMWTLQTARSLPLPLLPPQGIRZQRSSPSQGPPSVPSIFSSESPEFTLGSYTDPY--PSATIVFYTDHT-GHSVAK-IDISLGEITGGEVHLRKA---KKLE--E-KRSQSH-TKKCKDFRHLLPPZ	uc011cbo.2_echTel2_3_3
uc011cbo.2	C4orf26	eleEdw1	Stops1	Exon3	PositionsAA[35]	PositionsNT[105]	DKKEQSLPMEAHKTTWTTQTARSSHSHLLPPPGNQZQGSSSSRGHPDVPSIVSHEDPEFTSGSPLDHSFLQGAITVFSTVPSFGHLVVVLIIISPEDIYGEEVHLRKAERKRS------K----Q-KKKRTYFCYLFQDZ	uc011cbo.2_eleEdw1_3_3
uc011cbo.2	C4orf26	eptFus1	Stops2	Exon3	PositionsAA[4,35]	PositionsNT[12,105]	DKEGZSSPPEAHKIMWILQIARSLHSPLHLPQESRZQGSSPSQGQPSVLSIFFQGGPASKLDFQTDLSSHRGATTVFSTVHIFGQTIVLLITISPEEDSGEEAHLRKEEGREKPKPAQ-RGGQCL-KRLZKZFCSLFPNZ	uc011cbo.2_eptFus1_3_3
uc011cbo.2	C4orf26	equCab2	Stops2	Exon3	PositionsAA[5,35]	PositionsNT[15,105]	DKKRWZPLLGAHEIMETPQTARSLPSPLPPPQGTLZRGSSPSQGHPSVPSFFSHEGPESTLGFQTDLSSLHGATAVFSFIRLFGHAFAFLISISLEEMSGEEAHLRKAERREKPKHAE-QRGQCR-KRL-KDFCFLFPNZ	uc011cbo.2_equCab2_3_3
uc011cbo.2	C4orf26	eriEur2	Stops2	Exon3	PositionsAA[5,15]	PositionsNT[15,45]	DNKQQZLFLEAHRIMZTPQTAESLHSPLHQQPGAQRQGFNLLQGHLGVLFDFFHNYPGSLLDCQIDLSSHRGATTVFSFIHFLDHNVISVMAISPEEISRVQAHPRKAERKEKPKHTE-QTKGCL-KRLZNDFS---PNZ	uc011cbo.2_eriEur2_3_3
uc011cbo.2	C4orf26	felCat5	Stops3	Exon3	PositionsAA[4,31,35]	PositionsNT[12,93,105]	DKKQZPPLLEAHKMMEALQTARSLHSPLHPPZGTRZRGFSSSQGHPSVPFIFF-KGLESTLGFQTDLSFLGSATVVFSFVRSFGHTVASLTDTSPEENCGEEVPLKKAERKEKPKHAD-KRGQYL-KRDZKHSCFLFPNZ	uc011cbo.2_felCat5_3_3
uc011cbo.2	C4orf26	hetGla2	Stops1	Exon3	PositionsAA[35]	PositionsNT[105]	ERKGWPPLLDVHSTMPTLRTVRSSPSPRHPPQEARZPGPSPSRGHPDTPCSSSHSGPGSPPDSQADLSSLQVAAAASHGSRGSGHTAAWRGDVSWGQSSSGEARRRRAGR-EKPEL-G-RGRPCLZGGPER--PCPPPSZ	uc011cbo.2_hetGla2_3_3
uc011cbo.2	C4orf26	jacJac1	Stops5	Exon3	PositionsAA[4,35,70,88,100]	PositionsNT[12,105,210,264,300]	DKK-ZSPLLEAHKIMQTLRTARSLHSHLRPPQGSQZQESSISQGHPHIPFMFFHEGPESSLGFRAVLSILZTATTVFIFGHFTGHMAIZLVGTCLEDVSRZEAHLRKAERKEKFEHTD-KSSQCLZG-QZRGVLSLTP--	uc011cbo.2_jacJac1_3_3
uc011cbo.2	C4orf26	lepWed1	Stops1	Exon3	PositionsAA[35]	PositionsNT[105]	DKKRGPPLLEAHKIMEVLQTARSLRSALHPPGGIQZQGSSSSQGHPSVPFIFFHKGLESTLGFHTDLSFLRSVTTGFCFVHFFGHTVALLINIFPGEDSGEEAHLRKAD-KEKPKYAE-KRSQCL-RRLZTDFCFLLPNZ	uc011cbo.2_lepWed1_3_3
uc011cbo.2	C4orf26	loxAfr3	Stops3	Exon3	PositionsAA[4,15,35]	PositionsNT[12,45,105]	DKKGZSPLLEGHKTMZTLQTATSLHSPLLPPQGIQZLGSSPSQGHPGVPSIFFHESQESTLGSHTDLSSFQSVNTVSSTGQFFGPLVATLITISPEETSREEVHLRKAERKERSK--E-KRSQCH-KKQZKDSCYLFPNZ	uc011cbo.2_loxAfr3_3_3
uc011cbo.2	C4orf26	mesAur1	Stops4	Exon3	PositionsAA[4,15,35,108]	PositionsNT[12,45,105,324]	DKM-ZSPLLVVHKTMZPLQTARSSRSPLRPPQGSQZQGPNPTQGCFHGCGCILYEDLAALRGCLTDFCSFQTTTPASSSFLSTCHKVD-LGD------HILEAHLRRAZRSEKPKHTE-------ZRRQZ---LFLTPVZ	uc011cbo.2_mesAur1_3_3
uc011cbo.2	C4orf26	micOch1	Stops6	Exon3	PositionsAA[4,5,35,60,78,88]	PositionsNT[12,15,105,180,234,264]	DKM-ZZPLLVARQTTGTLQTVKSSHSPLRPQQGGQZQGPNSTQGCPCGLGLISCKGLASTZGFLTDLFSFQTTTTASSZIVSTCHKVGZLGGTLEEDGSRAEVHLRKARRNEKPKHTE-K-NRRLZKRRZ---LFLSPVZ	uc011cbo.2_micOch1_3_3
uc011cbo.2	C4orf26	mm10	Stops3	Exon3	PositionsAA[4,35,88]	PositionsNT[12,105,264]	DKM-ZSPLLAAHKITQSLQTARSSHSLLRPPQGIWZQGPSPSQGHP----FLFHGGRASPRG----LSSFQ-TTAASSSGHSTGREVDZLGDSSLEDSSRAEAHLRRAGRTEKRRLVE-K-NRRLWKGZZ---LFRSPIZ	uc011cbo.2_mm10_3_3
uc011cbo.2	C4orf26	musFur1	Stops1	Exon3	PositionsAA[35]	PositionsNT[105]	DRKREPPLLQACKITEALRTARSSLSPLHPPGGIRZQGSSPSQGHQSVPFIFFHKDLESPLGFHTDLSFLGGATTGFRFVHFFGHTVALPIGIFPGEGSGEEAHLRKADGKEKSKYVE-KRSHWR-RRLZTDFCFLLPNE	uc011cbo.2_musFur1_3_3
uc011cbo.2	C4orf26	myoDav1	Stops2	Exon3	PositionsAA[4,35]	PositionsNT[12,105]	D---ZSPLPEAHKL--ALQTARSSHSPLHLPQGGRZQGSSPSQGHPNVLSIFSQGGPESKSGFQTDLSSLRGATTVFITVLFFGQTIVLIITISPEEDSGEEAHPRKEEGREKPKPAQ-RGGQYL-KRLZKZFCFLF-NZ	uc011cbo.2_myoDav1_3_3
uc011cbo.2	C4orf26	myoLuc2	Stops2	Exon3	PositionsAA[4,35]	PositionsNT[12,105]	D---ZSLLPEAHKL--TLQTARSSHSPLHLPQGGRZHRSSPSQGHPSVLSIFSQGGPESKLGFQTDLSSLRGATTVFSTVHIFGRTIVLLITISPEEDSGEEAHPRKEEGREKPKPAQ-RGGQYL-KRLZKZFCFLF-NZ	uc011cbo.2_myoLuc2_3_3
uc011cbo.2	C4orf26	ochPri3	Stops3	Exon3	PositionsAA[15,90,95]	PositionsNT[45,270,285]	EKR-WLSLLEAQKITZTPQTARSSLSPLYPGPGPQSQGHGAPHGRPGVPSITSHEGPESTSHSLTGPSSLPSAITIFSSGHFMGHMAA-LZTIFPZGSSLVTAHPKKAERKEKLTLAE-RSSQCLGEGEKT--YLLFPGK	uc011cbo.2_ochPri3_3_3
uc011cbo.2	C4orf26	octDeg1	Stops1	Exon3	PositionsAA[35]	PositionsNT[105]	EQKGWLCLREAHSTTLPLQTARSSHSPRRLPPGARZPDPGPSRGPPDSPCSSSRSGPGSPPDSQANLSCLPPATVASRGRRGSGHAAACAEDVSWGQNSVREAPRRRLGR-ERPAL-G-RRRRDLZRGLGR--PCPPRQZ	uc011cbo.2_octDeg1_3_3
uc011cbo.2	C4orf26	odoRosDiv1	Stops1	Exon3	PositionsAA[35]	PositionsNT[105]	EKKREPPLLEAHKIMEVLQTARSLHSPLHPLGGIRZQGSSLSQGHPSVPFIFFHKGLVSTLGFHTDLSFLRSATTGFGFVHFFGHMVALLINIFPGEDSGEEAHLRKADRKEKPKYAE-KRSQCL-RRLZTDFCFLLPNR	uc011cbo.2_odoRosDiv1_3_3
uc011cbo.2	C4orf26	orcOrc1	Stops1	Exon3	PositionsAA[35]	PositionsNT[105]	DRKRYSPLLETHKIMQSLQTARSLHLPLLPPQGTQZRGSSPSPGHPGVPSIFSHKGPESTLGSHTDLSSLRGATTIFSSIHFFGRTVAFL-IISPEEDSGEQAPLRKAEKVEKPKRAE-KRSQGL----EKDFCFQZLNZ	uc011cbo.2_orcOrc1_3_3
uc011cbo.2	C4orf26	oryAfe1	Stops3	Exon3	PositionsAA[4,35,110]	PositionsNT[12,105,330]	DKKGZSPLLEPHKTTWTLQTARSLNSLLLLSQGSQZQRSNLSQGHPSVPSIFFHESLEFILGSHTDLSSLQSATTGFSIDQFFAHLAATLTTISPEESSGEKVHLRKAERZKKPK--E-ERRQCH-KKQZKDFCYLFPNZ	uc011cbo.2_oryAfe1_3_3
uc011cbo.2	C4orf26	otoGar3	Stops2	Exon3	PositionsAA[35,99]	PositionsNT[105,297]	DKRCSLPLPEAHNITRTLQTARSLHSRLRPSRGTQZQASSPSQGHPSVPSIFFHKNPESTLGFQTDLSFLESATTVFSSGHFSGRPVTFLIDFCPEENSZEEAHLRSAERKKKPKLKE-KREQSL-RRQEK--YFLFPNZ	uc011cbo.2_otoGar3_3_3
uc011cbo.2	C4orf26	oviAri3	Stops1	Exon2	PositionsAA[8]	PositionsNT[24]	AMSSLISQZRGNLHM	uc011cbo.2_oviAri3_2_3
uc011cbo.2	C4orf26	oviAri3	Stops1	Exon3	PositionsAA[35]	PositionsNT[105]	DKKKWSILLETHKIMQTLQTARSLHSPLPLPQGTQZQGSSPSPGHPGVPSIFSHDGPESTLGFHTGFTPLQSGTTIFNSIHIFVHTVAFLTIISPGEDSGEEVPLRKAEKREKPKCAE-KRSQGL-KRLEKVLCFQ-FNZ	uc011cbo.2_oviAri3_3_3
uc011cbo.2	C4orf26	panHod1	Stops1	Exon2	PositionsAA[8]	PositionsNT[24]	AMSSLISQZHGNLHM	uc011cbo.2_panHod1_2_3
uc011cbo.2	C4orf26	panHod1	Stops1	Exon3	PositionsAA[35]	PositionsNT[105]	DKKKWSLLLETHKIMQTLQTARSLHSPLPLPQGTQZQGSSPSPGHPGVPSIFSHDGPESTLGFHTGFTPLQRGTTTFNSIHIFVHTVAFLTIISPGEDSGEEVPLRKAEKREKPKCAE-KRSQGL-KRLEKVLCFQ-FNZ	uc011cbo.2_panHod1_3_3
uc011cbo.2	C4orf26	pteAle1	Stops2	Exon3	PositionsAA[15,35]	PositionsNT[45,105]	DKKKQSPLPEARKIMZTPRTARSLHSPLHLSQEALZQGSSPSQGHQSVLSIFFYEGPESTLGFQTELSSLRSATTVFSSIHFFGHKVALLITILPEEDSGQEAHLRKAERRDKPKHDE-KRSQCL-KRLZ--FCFLFPNZ	uc011cbo.2_pteAle1_3_3
uc011cbo.2	C4orf26	pteVam1	Stops2	Exon3	PositionsAA[15,35]	PositionsNT[45,105]	DKKKQSPLPEARKIMZTPRTARSLHSPLHLSQEALZQGSSPSQGHQSVLSIFFYEGPESTLGFQTELSSLRSATTVFSSIHFFGHTVALLITISPEEYSGQEAHLRKAERRDKPKHDE-KRSQCL-KRLZ--FCFLFPNZ	uc011cbo.2_pteVam1_3_3
uc011cbo.2	C4orf26	rn5	Stops1	Exon2	PositionsAA[5]	PositionsNT[15]	VLSSFZPQQ-SCS--	uc011cbo.2_rn5_2_3
uc011cbo.2	C4orf26	rn5	Stops6	Exon3	PositionsAA[4,5,15,25,35,88]	PositionsNT[12,15,45,75,105,264]	DKM-ZZPL--AHRITZTLRTARSSPZPLLPPRGISZQGPSLSQGHP----FIFHGGLASTPGSLTYLSSLQ-TTVASSSGLSTHHEVDZLGDSSLEEGSR--AHLRRAWRHERPKCAK-E-NQHYWK-C-----SLSPTZ	uc011cbo.2_rn5_3_3
uc011cbo.2	C4orf26	saiBol1	Stops1	Exon3	PositionsAA[35]	PositionsNT[105]	DKKRYLLPVETQKIMQTIPTARSLHSPLHLSRGVPZQGPSPSQRPPGVPSFFFHEGPESIFGFQTDLSSLQGVTTVFHSSHFIGHTVALPVGISSEEDSKEEAHLRKSEREEKPKHTEGRKSQSF-KKQQKDFCFIFPNZ	uc011cbo.2_saiBol1_3_3
uc011cbo.2	C4orf26	sorAra2	Stops3	Exon3	PositionsAA[35,95,114]	PositionsNT[105,285,342]	DR----LLP------WTRQTARSSPSLLRPSQGAQZQGSRPLSGHPSVPSIFFHKGPESTFRFQTDLLCLPGATTVFTSSQFGDHRIAFLITISPZGSSRKEAPLRRAERKEKPZQAE-RRNECF-KRLKEDLCFLCSNZ	uc011cbo.2_sorAra2_3_3
uc011cbo.2	C4orf26	speTri2	Stops1	Exon2	PositionsAA[7]	PositionsNT[21]	VRSALHLZLCSNLYK	uc011cbo.2_speTri2_2_3
uc011cbo.2	C4orf26	speTri2	Stops1	Exon3	PositionsAA[15]	PositionsNT[45]	DKK-LSFHQEAHNI-ZTLQTARSSHSPLHLPRGIQQQGSSPLLGHPNIPSVVLHEGLESTLGFKTDMFSLQDATTVSTSSHFPGHTVVLLVDISLEEISRVKVHLKKAERKEKQKYTE-KKSQCLQK--Z---IFLFPNZ	uc011cbo.2_speTri2_3_3
uc011cbo.2	C4orf26	susScr3	Stops1	Exon3	PositionsAA[35]	PositionsNT[105]	DKKRWPPPLETRRMMQTLQTARSSHSPRPPPQGARZQGASPSQGPPGIPSIFSREGPESTLGSHTYLSSLRPATTVFSSIRLFGHTVAFLTIISPEEDSGAGAPPRKAERRQKPKHAD-KRSQGL-KRLETDFGSLFPNE	uc011cbo.2_susScr3_3_3
uc011cbo.2	C4orf26	triMan1	Stops3	Exon3	PositionsAA[4,15,35]	PositionsNT[12,45,105]	DKKGZSPLLEAPKTMZTLQTARSLHSPLLPPQGIRZLGSSPSQEHPSVPSIFFHESPESTSGSSTDLSSLQSATTVFSTSQFFGHLVATLITISPEEISGEAVHLRKAERKRKSK--E-ERSQCH-KRQZKDFCYLFPNZ	uc011cbo.2_triMan1_3_3
uc011cbo.2	C4orf26	tupChi1	Stops1	Exon3	PositionsAA[99]	PositionsNT[297]	DKKQLSPLLEAHKMTETLQTARYLHSPLHPPQEVQSQGSSSSQEQLSVPSTFFHEGPESTSRFQTDLSSLRSTTTIIRSGHFIGHALAFLVNAFAEENSZEEARL--AEKVEKPKCTE-QRSQRL-KRQZKY--FLFSDY	uc011cbo.2_tupChi1_3_3
uc011cbo.2	C4orf26	turTru2	Stops1	Exon3	PositionsAA[35]	PositionsNT[105]	DRKRYSPLLETHKIMQSLQTARSLHLPLLPPQGTQZRGSSPSPGHPGVPSIFSHKGPESTLGSHTDLSSLRGATTIFSSIHFFGRTVAFL-IISPEEDSGEEAPLRKAEKREKPKRAE-KRSQGL----EKDFCFQZLNZ	uc011cbo.2_turTru2_3_3
uc011cbo.2	C4orf26	vicPac2	Stops1	Exon3	PositionsAA[35]	PositionsNT[105]	DKKGWSPLLETHNIMQTLQTARSLHSPLPPPQGSQZRGSSPSQGHPGVPCIFFRDAPESTLGFHTDLSTLRRATTVFRSTHFFGHTGAFLIVIFPGDHSGEEVPLRKAGRRERPRHTEVKRSQCL-EGZRKDFSFLFQNE	uc011cbo.2_vicPac2_3_3
uc021zfk.1	TAAR3	calJac3	Stops1	Exon1	PositionsAA[243]	PositionsNT[729]	MVSMSHFKQLHSPTNFLILSMATTDFLLGFVIMPYSMVRSVESCWYFGDGFCKFHTSFDVMLSLTSIFHLCSIAVDRFCAVCYPLHYTTTMTSSTIKRLLAFCWSVPALFSFGLVLSEANVSSMQSYKILVACFNFCALAFNKFWGTILFTTCFFTPGSIMVVIYGKIFIVSKQHARAISHMPENTKGEVKKHLSKRKDRKAAKTLGIVMGVFLACWLPCFLAVLIDPYLDYSTPIIILDLLVZLGYFNSTCNPLIHGFFYPWFQKALKYIVLGKIFCSHSTTANLFPEAHZ	uc021zfk.1_calJac3_1_1
uc021zfk.1	TAAR3	canFam3	Stops2	Exon1	PositionsAA[112,264]	PositionsNT[336,792]	IISISYFRMLHTPTTFLILSMVVTGFLLGLTIMPYSIVRSVETCWYFGFTFCKIHYSFDLMLGIPSIFYLCSVAIDRFYAICYPLCYSTKMTISLTKRLLLLCWSVPQAFAFZVVFSEAYAHGIEGYDILVACSSSCPVMFNKLWGTTLLMAGFFTPGSVMVEIYGNIFAVSRKHARTINNLPE------KIIK--RKDKKVAKTLGIVMSVFLLCWFPCFFTILLDPFLDFSTPVVLFDALIRFVYFNSTCNPLIYCFFYPWFZRELKYILPGKIFSSHFHNTNLFTQ---	uc021zfk.1_canFam3_1_1
uc021zfk.1	TAAR3	conCri1	Stops3	Exon1	PositionsAA[38,173,216]	PositionsNT[114,519,648]	MSSISHFKQLHSPINFRILSMATTDFLLGSVIMLYSMVZSVESCLDFGDVFCKFHASFDMTLSLTSIFHLCSIAIDHFYPACYPLHYTTTMVVSMIKRLLVFCWSALALFSFSLVPPEANVSGMQTYEILVACFNFCALTFNKFWGTILFTTCFFTPGSIMVDIYGKIFIVSKZHAQVISSMPENMRGELKKKLSKKKDRKAAKTLAIV-GVFLACZLPCFIAVLMDPYLGYSTPIIMLDLLVWLGYFNSTCNPLIHGFFYPWFWKALKHIMSGKIFSSNSETANLFPEAHZ	uc021zfk.1_conCri1_1_1
uc021zfk.1	TAAR3	hetGla2	Stops2	Exon1	PositionsAA[38,76]	PositionsNT[114,228]	MMSISHFKQLHSPTNFLILSMAATDFFLGFVIMPYSRVZSVESCWYFGDGFCKFHASFDMMLSLTSIFHLCSIAIDZFYAVCYPLHYATTMTASMIKRLLAFGWSAPAPFSFGLVLSEPNVADMQSYEILVACFNFCAFTFNKVWERILFTTCFFIPGSIMVGIYSKIFIVSKRHAQVISSMPENIKGEVKKNLSKKKDRKAVKTLGVVMGVFLACWLPSFLAVLIDPYLDYSTLIIVLDLLVWLRYFNSTCNPLIHGFF-PQFQKALKYIVSGKIFSYHSESENLFLERNY	uc021zfk.1_hetGla2_1_1
uc021zfk.1	TAAR3	odoRosDiv1	Stops1	Exon1	PositionsAA[76]	PositionsNT[228]	MISISHFKQLHSPTNFLILSMATTDFLLGFVIMPYGMVQSVESCWYFGDGFCKFHASFDVMLSLTSIFHLCSIAIDZFYAVCYPLHYSATMTTSVIKQLLAFCWLAL-LFSFSLVLSEANVVGMHSYEILVACFHFCALTFNKFWGTILFTTCFFTPGSIMVGIYGKIFIVSKQHAKVISNMPENTKGEVKK-LSKKKDRKAAKTLGIVMGVFLACWLPCFLAVLIDPYLDYSTPIIVLDLLVWLGYFNSTCNPLIHGFFYPWFRKALKYIVSGKIVSSHSETANLFPEAHZ	uc021zfk.1_odoRosDiv1_1_1
uc021zfk.1	TAAR3	ponAbe2	Stops1	Exon1	PositionsAA[97]	PositionsNT[291]	MVSISHFKQLHSPTNFLILSMATTDFLLG-VIMPYSMVRSVESCWYFGDGFCKFHTSFDMMLSLTSIFHLCSIAVDRFYAVCYPLHYTTRMTTSTIKZLLAFCWSVPALFSFGLVLSEANVSGMQSYKIFVACFNFYALTFNKFWGTILFATCFFTPGSIMVGIYGKIFIVSKQHARVISHVPENTKGAVKEHLSKKKDRKAAKILGIVMGVFLACWLPCFLAVLIDPYLDYSTPILILDLLVWLGYFNSTCNPLIHGFFNPWFQKALKYIVSGKIFSSHSETANLFPEAHZ	uc021zfk.1_ponAbe2_1_1
uc021zfk.1	TAAR3	rheMac3	Stops1	Exon1	PositionsAA[117]	PositionsNT[351]	IVSISHFKQLHSPTNFLILSMATTDFLLGCVIMPYSMVRSVESCWYFGDGFCKFHTSFDMMLSLTSIFHLCSIAIDRFYAVCYPLYYTTRMTSSTIKRLLAFCWSVPALFSFGLVLSZANVSGMQSYKILVACFNFCALTFNKFWGTILFTTCFFTPGSIMVGIYGKIFIVSKQHARVISHVPESTKGAVKKHLSKKKDRKAAKTLGIVMGVFLACWLPCFLAVLIDPYLDYSTPILILDLLVWLGYFNSTCNPLIHGFFYPWFQKALKYIVSGKIFSSHSETANLFPEAHZ	uc021zfk.1_rheMac3_1_1
uc031sdv.1	GBA3	hetGla2	Stops3	Exon3	PositionsAA[109,144,175]	PositionsNT[327,432,525]	GLDYYTKIIDDLLTN-VTLVVTLHHFDLPQASEDQGGWLSDTIIEVFDKYAQFCFSTFGNRVRQWITINE--VFSA--YDLYFFAPGVPHIGTGDYQAAHNMIKAHAKAZHSHDSLFWEEQKDMVSLSLFCFWLEPANPNSVLDZKAAEGAINFQFDFFGKPIFIDGDYPELVKSZIASMSEKQGYPSSRLSEF--EEKKMIKGTADFFAVQYYTTRHVRPKQNKEAEFGILQHAKIGIFSDLS-KDVGWVHMAPWGLCKLLNYIK	uc031sdv.1_hetGla2_3_5
uc031sdv.1	GBA3	hetGla2	Stops1	Exon5	PositionsAA[28]	PositionsNT[84]	AIHVDKVSLQLYCACSLLDNFEWNSGYSZWFGLFHVDFEGLARPRVPYTSAKEY	uc031sdv.1_hetGla2_5_5
uc031sdv.1	GBA3	loxAfr3	Stops1	Exon3	PositionsAA[60]	PositionsNT[180]	DIDYYNKIIDDLLINGVTTIVPFYHFDLPQTLEDQGGWLSETIIEFFDKYAQFCFSTFEDZFKQWITINETNLFALLAYDFGIFPPGVPHFGTGGYQAAHNLIKAQARSWYSYDSLSEKVQKDIVSLALFYAWEKPADPDSATDQEASRRAIAFHLDFFAKPIFIDGDYPEVVKTQVASMSKKQGYPSSRLPEFTEEEKRMIKGTADFFAVQCYMSRLVRHKENKKGELGFLQDVKIEIFPDPSWEFIDWLYAVLWGICKILKHIT	uc031sdv.1_loxAfr3_3_5
uc031sdv.1	GBA3	loxAfr3	Stops1	Exon4	PositionsAA[2]	PositionsNT[6]	DTZNNPVIYITESGFPQGDPESLDDTQCWEYFKQTFQELFK	uc031sdv.1_loxAfr3_4_5
uc031sdv.1	GBA3	mm10	Stops2	Exon3	PositionsAA[117,222]	PositionsNT[351,666]	EIDYYNKI-DDLLRNGVTPIVVIYHFGLSRALEDQGDWLSESIVEAFDRYAQFCFGTFGDLVKQWITINEPNILALLAYNMGIFSPVVSHVGIGGYQADHNLIKAHVRSWHSYDSLFZEEQKGFVSLSLFFCWLEPAEPHSEIGQEATKRAINFHLDFFAKPIFIDGDYPDVVKSQVTPMSKKQDDPSSRLPGSTEEEKKMIKGTADFFAVKYHPTPIVRHQZNKKRELSFLQDVEIEFFSNPSWKNVGWIYMVPWGICKLLRYIK	uc031sdv.1_mm10_3_5
uc031sdv.1	GBA3	orcOrc1	Stops3	Exon3	PositionsAA[117,118,217]	PositionsNT[351,354,651]	GIDYYNKIIDDLLTNGVTPIVTLYHFDLPQALEDQGGWLSEAIVEPFHKYARFCFSTFGDRVKQWITINEPNIFALLAYEFGAFPLGVPYVGTKVYQAAHNLIKAHARSWHSYESLFZZEQKGMVSLSIFAGWVEPADPNSVPDQEAAKRAMAFQLDFFAKPIFIDGDYPEVVTSQVALTSKKQVYPLSRLPEF--EENKVIKGTADFFAVQNYTTCZVRYQENKKGELGLLQDAEVEVFPDPSCTSLDWVYVVPWGIRKLLKYIK	uc031sdv.1_orcOrc1_3_5
uc031sdv.1	GBA3	orcOrc1	Stops1	Exon4	PositionsAA[28]	PositionsNT[84]	DMYNNPVIYITENGFPQGDPTSFDNAQRZEYFRQTFQELFK	uc031sdv.1_orcOrc1_4_5
uc031sdv.1	GBA3	pteAle1	Stops1	Exon3	PositionsAA[101]	PositionsNT[303]	GIDYYNKIINDLLTNKLTPIVTLYHIDLPQALEDQGGWLSEAIIESFDEYARFCFGTFGDRVKQWITINEPNMLALVAYDLDVFPPGVPNLGTGGYQAAHNZIKAHARSWHSYDSLFRKEQQGLVSLAFFTGWAEPADPNSVSDQEAAKRAMAFHLDFFAKPIFIDGDYLEIVKSQIASMSQKQGYSSSRLPEFTEEEKRMIKGTADFFSVQYYTSRLVKYQENDKGELSILQDMEIEIFPDPSWISLNWISVVPWGLRKLLKYIK	uc031sdv.1_pteAle1_3_5
uc031sdv.1	GBA3	pteAle1	Stops1	Exon5	PositionsAA[22]	PositionsNT[66]	AIQFDKVNLKIYCAWSLLDNFEZSRGYSMRFGFFHVDFEDPAQPRVPYASAKEY	uc031sdv.1_pteAle1_5_5
uc031sdv.1	GBA3	pteVam1	Stops1	Exon3	PositionsAA[60]	PositionsNT[180]	GIDYYNKIINDLLTNKVTPIVALYHIDLPQALEDQGGWLSEAIIESFDEYARFCFSTFGDZVKQWITINEPNMLALVVYDLDVFPPGVPHLGTGGYQAAHNLIKAHARSWHSYDSLFRKEQQALVSLAFFTGRVEPADPNSVSDQEAAKRAMAFHLDFFAKPIFIDGDYPEIVKSQIASMSQKQGYSSSRLPEFTEEEKRMIKGTADFFSVQYYTSRLVKYQENDKGELGILQDMEIEIFPDPSW----WISVVPWGLRKLLKYIK	uc031sdv.1_pteVam1_3_5
uc031sdv.1	GBA3	pteVam1	Stops1	Exon5	PositionsAA[22]	PositionsNT[66]	AIQFDKVNLKIYCAWSLLDNFEZSRGYSMRFGFFHVDFEDPARPRVPYASAKEY	uc031sdv.1_pteVam1_5_5
uc031sdv.1	GBA3	triMan1	Stops2	Exon3	PositionsAA[60,107]	PositionsNT[180,321]	GIDYYNKIIDDLLINGVTPVVTLYHFDLPQPLEDQGGWLSEAIVDSFDKYAQFCFSTFGDZVKQWITINEPNIFALVAYDLGMFPPGVPHFGTVGYQAAHNLIKAHAZSWHSYDSLFRKEQKGMVSLSLFCVWVEPADPDSVADQEAAQRAITFHLDFFAKPIFIDGDYPEVVKTQIASMSKKQGYTSSSLPEFTEEEKRMIKGTADFFAVQYYTSRLVKHKENKKGELGFFQDVEIEVFPDPSWECIDWLYLVPWGIHKLLKYIM	uc031sdv.1_triMan1_3_5
uc031sdv.1	GBA3	turTru2	Stops4	Exon3	PositionsAA[60,117,118,217]	PositionsNT[180,351,354,651]	GIDYYNKIIDDLLTNGDTPIVTLYHFDLPQALEDQGGWLSEAIVEPFDKY-QFCFSTFGDZVKQWITINEPNIFALLAYEFGAFPLGVPYVGTKVYQAAHNLIKAHARSWHSYESLFZZEQKGMVSLSIFAGWVEPADPNSVSDQEAAKRAMAFQLDFFAKPIFIDGDYPEVVKSQVALTSKKQVYPSSRLPEF--EENKVIKGTADFFAVQNCTTCZVRYQENKKGELGLLQDAEVEVFPDPSCTSLDWVYVVPWGIRKLLKYIK	uc031sdv.1_turTru2_3_5
uc031sdv.1	GBA3	turTru2	Stops1	Exon4	PositionsAA[28]	PositionsNT[84]	DMYNNPVIYITENGFPQGDPTSFDDAQRZEYFRQTFQELFK	uc031sdv.1_turTru2_4_5
